contest	year	month	day	time	viewers	break	hoamTeam	guestTeam	resultNumeric	homeTotalGoalDiff	guestTotalGoalDiff	homeTeamGoalsDiffAtHome	homeTeamGoalsDiffAway	guestTeamGoalsDiffAtHome	guestTeamGoalsDiffAway	hoamAvgPoints	guestAvgpoints	fortlfd
UEFA CL-Qualifikation  UEFA Champions League-Qualifikation	2017	07	Di	0.854166667	4450	45	Hibernians FC	Red Bull Salzburg	-3	0	0	0	0	0	0	0	0	1
ÖFB-Cup  ÖFB-Cup	2017	07	Sa	0.708333333	2000	4	Deutschlandsberger SC	Red Bull Salzburg	-7	0	3	0	0	0	3	0	3	2
UEFA CL-Qualifikation  UEFA Champions League-Qualifikation	2017	07	Mi	0.854166667	5511	4	Red Bull Salzburg	Hibernians FC	3	5	-3	0	5	-3	0	3	0	3
Bundesliga  Bundesliga	2017	07	Sa	0.770833333	4005	3	Wolfsberger AC	Red Bull Salzburg	-2	0	4.333333333	0	0	3	5	0	3	4
UEFA CL-Qualifikation  UEFA Champions League-Qualifikation	2017	07	Mi	0.78125	12714	4	Red Bull Salzburg	HNK Rijeka	0	3.75	0	3	4	0	0	3	0	5
Bundesliga  Bundesliga	2017	07	Sa	0.666666667	10127	3	Red Bull Salzburg	LASK	0	3	0	1.5	4	0	0	2.6	0	6
UEFA CL-Qualifikation  UEFA Champions League-Qualifikation	2017	08	Mi	0.864583333	8118	4	HNK Rijeka	Red Bull Salzburg	0	1	2.5	0	0	1	4	1	2.333333333	7
Bundesliga  Bundesliga	2017	08	Sa	0.770833333	5032	3	Red Bull Salzburg	FC Admira Wacker Mödling	4	2.142857143	0	1	3	0	0	2.142857143	0	8
Bundesliga  Bundesliga	2017	08	Sa	0.666666667	5013	7	SC Rheindorf Altach	Red Bull Salzburg	-1	0	2.375	0	0	1.75	3	0	2.25	9
Europa League Qualifikation  Europa League Qualifikation	2017	08	Do	0.864583333	3338	5	FC Viitorul	Red Bull Salzburg	-2	0	2.222222222	0	0	1.75	2.6	0	2.333333333	10
Bundesliga  Bundesliga	2017	08	So	0.6875	6170	3	Red Bull Salzburg	SKN St. Pölten	4	2.3	0	1.75	2.5	0	0	2.4	0	11
Europa League Qualifikation  Europa League Qualifikation	2017	08	Do	0.791666667	6606	4	Red Bull Salzburg	FC Viitorul	4	2.454545455	-2	2.2	2.5	-2	0	2.454545455	0	12
Bundesliga  Bundesliga	2017	08	So	0.6875	15124	3	SK Sturm Graz	Red Bull Salzburg	1	0	2.5	0	0	2.5	2.5	0	2.5	13
Bundesliga  Bundesliga	2017	09	So	0.6875	12249	14	Red Bull Salzburg	SK Rapid Wien	0	2.384615385	0	2.5	2	0	0	2.307692308	0	14
Europa League  Europa League	2017	09	Do	0.878472222	13972	4	Vitória Guimarães SC	Red Bull Salzburg	0	0	2.071428571	0	0	2.142857143	2	0	2.214285714	15
Bundesliga  Bundesliga	2017	09	So	0.6875	2214	3	SV Mattersburg	Red Bull Salzburg	-1	0	1.933333333	0	0	2.142857143	1.75	0	2.133333333	16
ÖFB-Cup  ÖFB-Cup	2017	09	Do	0.791666667	1800	4	ASK-BSC Bruck/Leitha	Red Bull Salzburg	0	0	1.875	0	0	2.142857143	1.666666667	0	2.1875	17
Bundesliga  Bundesliga	2017	09	So	0.6875	8107	3	Red Bull Salzburg	FK Austria Wien	0	2.058823529	0	2.142857143	1.5	0	0	2.117647059	0	18
Europa League  Europa League	2017	09	Do	0.791666667	11832	4	Red Bull Salzburg	Olympique Marseille	1	1.944444444	0	1.875	1.5	0	0	2.055555556	0	19
Bundesliga  Bundesliga	2017	10	So	0.791666667	4712	3	Red Bull Salzburg	Wolfsberger AC	1	1.894736842	-2	1.777777778	1.5	-2	0	2.105263158	0	20
Bundesliga  Bundesliga	2017	10	Sa	0.666666667	5659	13	LASK	Red Bull Salzburg	-2	1	1.6	0	0	1.7	1.5	1	2.15	21
Europa League  Europa League	2017	10	Do	0.791666667	23354	5	Konyaspor	Red Bull Salzburg	-2	0	1.619047619	0	0	1.7	1.545454545	0	2.19047619	22
Bundesliga  Bundesliga	2017	10	So	0.583333333	2302	3	FC Admira Wacker Mödling	Red Bull Salzburg	0	1	1.636363636	0	-4	1.7	1.583333333	0	2.227272727	23
ÖFB-Cup  ÖFB-Cup	2017	10	Mi	0.791666667	4100	3	TuS Bad Gleichenberg	Red Bull Salzburg	-3	0	1.565217391	0	0	1.7	1.461538462	0	2.173913043	24
Bundesliga  Bundesliga	2017	10	Sa	0.770833333	6580	3	Red Bull Salzburg	SC Rheindorf Altach	2	1.916666667	-1	1.7	1.571428571	-1	0	2.208333333	0	25
Europa League  Europa League	2017	11	Do	0.878472222	8773	5	Red Bull Salzburg	Konyaspor	0	1.92	-2	1.727272727	1.571428571	-2	0	2.24	0	26
Bundesliga  Bundesliga	2017	11	So	0.6875	2760	3	SKN St. Pölten	Red Bull Salzburg	-2	1	1.576923077	0	-4	1.583333333	1.571428571	0	2.192307692	27
Bundesliga  Bundesliga	2017	11	So	0.6875	10241	14	Red Bull Salzburg	SK Sturm Graz	5	1.888888889	1	1.583333333	1.6	1	0	2.222222222	3	28
Europa League  Europa League	2017	11	Do	0.791666667	6474	4	Red Bull Salzburg	Vitória Guimarães SC	3	2	0	1.846153846	1.6	0	0	2.25	1	29
Bundesliga  Bundesliga	2017	11	So	0.6875	24375	3	SK Rapid Wien	Red Bull Salzburg	-1	2	1.75862069	0	0	1.928571429	1.6	1	2.275862069	30
Bundesliga  Bundesliga	2017	11	Mi	0.770833333	3922	3	Red Bull Salzburg	SV Mattersburg	2	2.066666667	-1	1.928571429	1.5625	-1	0	2.3	0	31
Bundesliga  Bundesliga	2017	12	So	0.6875	6386	4	FK Austria Wien	Red Bull Salzburg	0	0	1.741935484	0	0	1.933333333	1.5625	1	2.322580645	32
Europa League  Europa League	2017	12	Do	0.878472222	23865	4	Olympique Marseille	Red Bull Salzburg	0	0	1.6875	0	-1	1.933333333	1.470588235	0	2.28125	33
Bundesliga  Bundesliga	2017	12	So	0.6875	2187	3	Wolfsberger AC	Red Bull Salzburg	0	-0.5	1.636363636	-2	-1	1.933333333	1.388888889	0	2.242424242	34
Bundesliga  Bundesliga	2017	12	Sa	0.666666667	5642	6	Red Bull Salzburg	LASK	0	1.911764706	-1	1.933333333	1.315789474	-2	0	2.205882353	0.5	35
Bundesliga  Bundesliga	2018	02	Sa	0.770833333	4095	49	Red Bull Salzburg	FC Admira Wacker Mödling	1	1.857142857	-2	1.8125	1.315789474	0	-4	2.171428571	0.5	36
Bundesliga  Bundesliga	2018	02	Sa	0.666666667	3803	7	SC Rheindorf Altach	Red Bull Salzburg	-1	-0.5	1.527777778	-1	-2	1.764705882	1.315789474	0	2.194444444	37
Europa League  Europa League	2018	02	Do	0.791666667	19790	5	Real Sociedad San Sebastián	Red Bull Salzburg	0	0	1.513513514	0	0	1.764705882	1.3	0	2.216216216	38
Bundesliga  Bundesliga	2018	02	So	0.6875	4273	3	Red Bull Salzburg	SKN St. Pölten	4	1.815789474	-3	1.764705882	1.238095238	-2	-4	2.184210526	0	39
Europa League  Europa League	2018	02	Do	0.878472222	13912	4	Red Bull Salzburg	Real Sociedad San Sebastián	1	1.871794872	0	1.888888889	1.238095238	0	0	2.205128205	1	40
Bundesliga  Bundesliga	2018	02	So	0.6875	7157	3	SK Sturm Graz	Red Bull Salzburg	-2	0.5	1.525	1	-5	1.842105263	1.238095238	1.5	2.225	41
ÖFB-Cup  ÖFB-Cup	2018	02	Mi	0.8125	1535	3	Red Bull Salzburg	SK Austria Klagenfurt	7	1.902439024	0	1.842105263	1.272727273	0	0	2.243902439	0	42
Bundesliga  Bundesliga	2018	03	So	0.6875	11981	4	Red Bull Salzburg	SK Rapid Wien	1	2.023809524	-0.5	2.1	1.272727273	-1	0	2.261904762	0.5	43
Europa League  Europa League	2018	03	Do	0.791666667	53700	4	Borussia Dortmund	Red Bull Salzburg	-1	0	1.651162791	0	0	2.047619048	1.272727273	0	2.279069767	44
Bundesliga  Bundesliga	2018	03	So	0.6875	4176	3	SV Mattersburg	Red Bull Salzburg	0	-0.5	1.636363636	-1	-2	2.047619048	1.260869565	0	2.295454545	45
Europa League  Europa League	2018	03	Do	0.878472222	29320	4	Red Bull Salzburg	Borussia Dortmund	0	2	-1	2.047619048	1.208333333	-1	0	2.266666667	0	46
Bundesliga  Bundesliga	2018	03	So	0.604166667	7026	3	Red Bull Salzburg	FK Austria Wien	5	1.956521739	0	1.954545455	1.208333333	0	0	2.239130435	1	47
Bundesliga  Bundesliga	2018	03	Sa	0.770833333	5028	13	Red Bull Salzburg	Wolfsberger AC	2	2.021276596	-1	2.086956522	1.208333333	-1	-1	2.255319149	0.333333333	48
Europa League  Europa League	2018	04	Do	0.878472222	42538	5	Lazio Rom	Red Bull Salzburg	2	0	1.645833333	0	0	2.083333333	1.208333333	0	2.270833333	49
Bundesliga  Bundesliga	2018	04	So	0.625	5462	3	LASK	Red Bull Salzburg	1	-0.333333333	1.571428571	-2	0	2.083333333	1.08	0.666666667	2.224489796	50
Europa League  Europa League	2018	04	Do	0.878472222	29520	4	Red Bull Salzburg	Lazio Rom	3	1.98	2	2.083333333	1	2	0	2.18	3	51
Bundesliga  Bundesliga	2018	04	So	0.791666667	2800	3	FC Admira Wacker Mödling	Red Bull Salzburg	-4	0.666666667	1.549019608	0	-2.5	2.12	1	0.333333333	2.196078431	52
ÖFB-Cup  ÖFB-Cup	2018	04	Mi	0.75	4800	3	SV Mattersburg	Red Bull Salzburg	0	-0.333333333	1.596153846	-0.5	-2	2.12	1.111111111	0.333333333	2.211538462	53
Bundesliga  Bundesliga	2018	04	So	0.604166667	6148	4	Red Bull Salzburg	SC Rheindorf Altach	2	2.037735849	-1.333333333	2.12	1.071428571	-1	-2	2.188679245	0	54
Europa League  Europa League	2018	04	Do	0.878472222	63370	4	Olympique Marseille	Red Bull Salzburg	2	0	1.574074074	0	-1	2.115384615	1.071428571	0.5	2.203703704	55
Bundesliga  Bundesliga	2018	04	So	0.791666667	3552	3	SKN St. Pölten	Red Bull Salzburg	-2	-0.333333333	1.509090909	-2	-4	2.115384615	0.965517241	0	2.163636364	56
Europa League  Europa League	2018	05	Do	0.878472222	29520	4	Red Bull Salzburg	Olympique Marseille	2	2	0.333333333	2.115384615	1	1	-1	2.178571429	1.333333333	57
Bundesliga  Bundesliga	2018	05	So	0.6875	14712	3	Red Bull Salzburg	SK Sturm Graz	3	2	-2	2.111111111	1	-0.5	-5	2.192982456	1	58
ÖFB-Cup  ÖFB-Cup	2018	05	Mi	0.854166667	27100	3	SK Sturm Graz	Red Bull Salzburg	0	0	1.551724138	-0.5	-4	2.142857143	1	0.75	2.206896552	59
Bundesliga  Bundesliga	2018	05	So	0.6875	14441	4	SK Rapid Wien	Red Bull Salzburg	-3	0.333333333	1.525423729	-1	-0.5	2.142857143	0.967741935	0.333333333	2.186440678	60
Bundesliga  Bundesliga	2018	05	So	0.6875	14441	7	Red Bull Salzburg	SV Mattersburg	1	2.016666667	-0.75	2.142857143	1.03125	-0.333333333	-2	2.2	0.5	61
Bundesliga  Bundesliga	2018	05	So	0.729166667	4300	7	FK Austria Wien	Red Bull Salzburg	4	0	1.540983607	0	-2.5	2.103448276	1.03125	0.666666667	2.213114754	62
ÖFB-Cup  ÖFB-Cup	2017	07	Fr	0.729166667	3000	45	ASK Ebreichsdorf	FK Austria Wien	0	0	-0.25	0	0	2	-2.5	0	1.25	63
Bundesliga  Bundesliga	2017	07	So	0.6875	5273	9	SC Rheindorf Altach	FK Austria Wien	3	-0.25	-0.2	-1	-2	2	-1.666666667	0	1.2	64
Europa League Qualifikation  Europa League Qualifikation	2017	07	Do	0.878472222	5892	4	FK Austria Wien	AEL Limassol	0	0.666666667	0	2	-2	0	0	1	0	65
Bundesliga  Bundesliga	2017	07	So	0.666666667	6184	3	FK Austria Wien	SK Sturm Graz	-1	0.571428571	-1.8	1.333333333	-2	-0.333333333	-4	1	0.8	66
Europa League Qualifikation  Europa League Qualifikation	2017	08	Mi	0.75	9000	3	AEL Limassol	FK Austria Wien	-1	0	-0.625	0	0	0.75	-2	1	0.875	67
Bundesliga  Bundesliga	2017	08	So	0.6875	26000	4	SK Rapid Wien	FK Austria Wien	0	-0.5	-0.444444444	-2	-0.5	0.75	-1.4	0.25	1.111111111	68
Bundesliga  Bundesliga	2017	08	Sa	0.770833333	6512	6	FK Austria Wien	LASK	2	0.7	-0.25	0.75	-1.166666667	-0.5	0	1.1	1.25	69
Europa League Qualifikation  Europa League Qualifikation	2017	08	Do	0.864583333	15000	5	NK Osijek	FK Austria Wien	-1	0	-0.181818182	0	0	1	-1.166666667	0	1.272727273	70
Bundesliga  Bundesliga	2017	08	So	0.791666667	4500	3	SV Mattersburg	FK Austria Wien	-2	-0.2	-0.083333333	-0.333333333	-1.5	1	-0.857142857	0.4	1.416666667	71
Europa League Qualifikation  Europa League Qualifikation	2017	08	Do	0.878472222	8000	4	FK Austria Wien	NK Osijek	-1	1.076923077	-1	1	-0.5	-1	0	1.538461538	0	72
Bundesliga  Bundesliga	2017	08	So	0.791666667	3300	3	FC Admira Wacker Mödling	FK Austria Wien	-2	-0.5	0	-2	-2.5	0.666666667	-0.5	0.25	1.428571429	73
Bundesliga  Bundesliga	2017	09	Sa	0.770833333	5878	13	FK Austria Wien	Wolfsberger AC	0	1.066666667	-1.25	0.666666667	-0.222222222	-1	-1.5	1.533333333	0.25	74
Bundesliga  Bundesliga	2017	09	Do	0.791666667	31409	5	FK Austria Wien	AC Mailand	-4	1	0	0.571428571	-0.222222222	0	0	1.5	0	75
Bundesliga  Bundesliga	2017	09	So	0.791666667	4424	3	FK Austria Wien	SKN St. Pölten	4	0.705882353	-3	0	-0.222222222	-2	-4	1.411764706	0	76
ÖFB-Cup  ÖFB-Cup	2017	09	Mi	0.770833333	2050	3	Union Vöcklamarkt	FK Austria Wien	-3	0	0.111111111	0	0	0.444444444	-0.222222222	0	1.5	77
Bundesliga  Bundesliga	2017	09	Do	0.878472222	16954	4	AEK Athen	FK Austria Wien	0	0	0.263157895	0	0	0.444444444	0.1	0	1.578947368	78
Bundesliga  Bundesliga	2017	10	So	0.6875	5850	3	FK Austria Wien	SC Rheindorf Altach	2	1.05	-0.6	0.444444444	0.090909091	0.333333333	-2	1.55	0.6	79
Bundesliga  Bundesliga	2017	10	So	0.6875	11345	14	SK Sturm Graz	FK Austria Wien	3	0.5	0.333333333	-0.333333333	-2.333333333	0.6	0.090909091	1.166666667	1.619047619	80
Bundesliga  Bundesliga	2017	10	Do	0.878472222	20690	4	FK Austria Wien	HNK Rijeka	-2	1.045454545	0	0.6	-0.166666667	0	0	1.545454545	1	81
Bundesliga  Bundesliga	2017	10	So	0.6875	14189	3	FK Austria Wien	SK Rapid Wien	-1	0.913043478	-1	0.363636364	-0.166666667	-1.333333333	-0.5	1.47826087	0.4	82
ÖFB-Cup  ÖFB-Cup	2017	10	Mi	0.854166667	14652	3	FK Austria Wien	SK Rapid Wien	-1	0.833333333	-0.666666667	0.25	-0.166666667	-1.333333333	0	1.416666667	0.833333333	83
Bundesliga  Bundesliga	2017	10	Sa	0.770833333	5613	3	LASK	FK Austria Wien	0	0	0	-0.5	-0.666666667	0.153846154	-0.166666667	1	1.36	84
Bundesliga  Bundesliga	2017	11	Do	0.791666667	7912	5	HNK Rijeka	FK Austria Wien	-3	1.333333333	0	0	1	0.153846154	-0.153846154	1.666666667	1.346153846	85
Bundesliga  Bundesliga	2017	11	So	0.583333333	5892	3	FK Austria Wien	SV Mattersburg	-2	0.925925926	-1	0.153846154	0.071428571	-0.75	-1.5	1.407407407	0.333333333	86
Bundesliga  Bundesliga	2017	11	Sa	0.770833333	6350	13	FK Austria Wien	FC Admira Wacker Mödling	-1	0.821428571	-2.2	0	0.071428571	-2	-2.5	1.357142857	0.2	87
Bundesliga  Bundesliga	2017	11	Do	0.878472222	17932	5	AC Mailand	FK Austria Wien	4	5	0	0	4	-0.066666667	0.071428571	3	1.310344828	88
Bundesliga  Bundesliga	2017	11	So	0.583333333	3500	3	Wolfsberger AC	FK Austria Wien	-1	0.2	-0.133333333	-1	-1	-0.066666667	-0.2	0.4	1.266666667	89
Bundesliga  Bundesliga	2017	11	Mi	0.770833333	2214	3	SKN St. Pölten	FK Austria Wien	1	-0.4	-0.096774194	-2	-4	-0.066666667	-0.125	0	1.322580645	90
Bundesliga  Bundesliga	2017	12	Do	0.791666667	23133	4	FK Austria Wien	AEK Athen	0	0.78125	0	-0.066666667	-0.176470588	0	0	1.28125	1	91
Bundesliga  Bundesliga	2017	12	So	0.583333333	2717	3	SC Rheindorf Altach	FK Austria Wien	1	0.333333333	-0.121212121	0.333333333	-2	-0.0625	-0.176470588	0.5	1.272727273	92
Bundesliga  Bundesliga	2017	12	So	0.6875	6404	7	FK Austria Wien	SK Sturm Graz	1	0.735294118	-0.714285714	-0.0625	-0.222222222	0.5	-2.333333333	1.235294118	1.428571429	93
Bundesliga  Bundesliga	2018	02	So	0.6875	25600	49	SK Rapid Wien	FK Austria Wien	0	0.142857143	-0.114285714	-1.333333333	0.25	0	-0.222222222	1.142857143	1.285714286	94
Bundesliga  Bundesliga	2018	02	Sa	0.770833333	5575	6	FK Austria Wien	LASK	-2	0.75	-0.5	0	-0.210526316	-0.333333333	-0.666666667	1.277777778	1	95
Bundesliga  Bundesliga	2018	02	Sa	0.770833333	3600	7	SV Mattersburg	FK Austria Wien	1	0	-0.162162162	-0.75	-0.333333333	-0.111111111	-0.210526316	0.714285714	1.243243243	96
Bundesliga  Bundesliga	2018	02	Sa	0.666666667	2400	7	FC Admira Wacker Mödling	FK Austria Wien	1	-0.166666667	-0.184210526	-2	-1.333333333	-0.111111111	-0.25	0.666666667	1.210526316	97
Bundesliga  Bundesliga	2018	03	Sa	0.770833333	5012	7	FK Austria Wien	Wolfsberger AC	2	0.692307692	-1	-0.111111111	-0.285714286	-1	-1	1.179487179	0.333333333	98
Bundesliga  Bundesliga	2018	03	Sa	0.770833333	6055	7	FK Austria Wien	SKN St. Pölten	4	0.725	-2.5	0	-0.285714286	-1	-4	1.225	0.5	99
Bundesliga  Bundesliga	2018	03	Sa	0.770833333	6089	13	FK Austria Wien	SC Rheindorf Altach	1	0.804878049	-0.571428571	0.2	-0.285714286	0.5	-2	1.268292683	0.857142857	100
Bundesliga  Bundesliga	2018	04	Sa	0.666666667	11318	7	SK Sturm Graz	FK Austria Wien	-2	0.75	-0.023809524	0.5	-2	0.238095238	-0.285714286	1.25	1.30952381	101
Bundesliga  Bundesliga	2018	04	So	0.6875	11260	8	FK Austria Wien	SK Rapid Wien	-4	0.837209302	-0.375	0.238095238	-0.181818182	-1	0.25	1.348837209	1.125	102
Bundesliga  Bundesliga	2018	04	Sa	0.770833333	5604	6	LASK	FK Austria Wien	1	0.428571429	-0.068181818	-0.333333333	0	0.045454545	-0.181818182	1.285714286	1.318181818	103
Bundesliga  Bundesliga	2018	04	Sa	0.666666667	5420	7	FK Austria Wien	SV Mattersburg	-1	0.711111111	-0.375	0.045454545	-0.217391304	-0.4	-0.333333333	1.288888889	1	104
Bundesliga  Bundesliga	2018	05	Sa	0.770833333	6050	7	FK Austria Wien	FC Admira Wacker Mödling	0	0.673913043	-1.285714286	0	-0.217391304	-1.25	-1.333333333	1.260869565	1	105
Bundesliga  Bundesliga	2018	05	Di	0.791666667	2639	10	Wolfsberger AC	FK Austria Wien	1	0	-0.106382979	-1	-1.25	0	-0.217391304	0.285714286	1.255319149	106
Bundesliga  Bundesliga	2018	05	So	0.6875	3083	5	SKN St. Pölten	FK Austria Wien	2	-0.142857143	-0.125	-1	-4	0	-0.25	0.428571429	1.229166667	107
Europa League Qualifikation  Europa League Qualifikation	2017	07	Do	0.854166667	7109	45	SK Sturm Graz	Mladost Podgorica	-1	0.444444444	0	0	-2	0	0	1.111111111	0	108
ÖFB-Cup  ÖFB-Cup	2017	07	So	0.645833333	1800	3	FC Hard	SK Sturm Graz	-3	0	-0.9	0	0	-0.166666667	-2	0	1	109
Europa League Qualifikation  Europa League Qualifikation	2017	07	Do	0.854166667	5500	4	Mladost Podgorica	SK Sturm Graz	-3	1	-0.545454545	0	1	-0.166666667	-1	3	1.181818182	110
Bundesliga  Bundesliga	2017	07	So	0.791666667	7281	3	SK Sturm Graz	SKN St. Pölten	1	0.75	-2.125	-0.166666667	-0.333333333	-0.25	-4	1.333333333	0.75	111
Europa League Qualifikation  Europa League Qualifikation	2017	07	Do	0.791666667	15000	4	SK Sturm Graz	Fenerbahce Istanbul	-1	0.769230769	0	0	-0.333333333	0	0	1.461538462	0	112
Europa League Qualifikation  Europa League Qualifikation	2017	08	Do	0.8125	37701	4	Fenerbahce Istanbul	SK Sturm Graz	0	2	-0.214285714	0	1	-0.125	-0.333333333	3	1.357142857	113
Bundesliga  Bundesliga	2017	08	So	0.791666667	3800	3	SV Mattersburg	SK Sturm Graz	-1	0.444444444	-0.2	-0.4	0	-0.125	-0.285714286	1.222222222	1.333333333	114
Bundesliga  Bundesliga	2017	08	Sa	0.770833333	9478	6	SK Sturm Graz	Wolfsberger AC	1	0.8125	-0.875	-0.125	-0.125	-0.5	-1.25	1.4375	0.625	115
Bundesliga  Bundesliga	2017	08	Sa	0.666666667	21000	7	SK Rapid Wien	SK Sturm Graz	-1	0.555555556	-0.058823529	-1	1	0	-0.125	1.333333333	1.529411765	116
Bundesliga  Bundesliga	2017	09	Sa	0.666666667	6009	13	LASK	SK Sturm Graz	1	0.5	0	0	0	0	0	1.5	1.611111111	117
Bundesliga  Bundesliga	2017	09	Sa	0.770833333	2888	7	FC Admira Wacker Mödling	SK Sturm Graz	1	0	-0.052631579	-1.25	-1	0	-0.1	1	1.526315789	118
ÖFB-Cup  ÖFB-Cup	2017	09	Mi	0.75	1123	4	USK Anif	SK Sturm Graz	-1	0	-0.1	0	0	0	-0.181818182	0	1.45	119
Bundesliga  Bundesliga	2017	09	Sa	0.770833333	9312	3	SK Sturm Graz	SC Rheindorf Altach	0	0.952380952	-0.625	0	-0.083333333	0.5	-1.75	1.523809524	0.75	120
Bundesliga  Bundesliga	2017	09	Sa	0.666666667	3463	7	SKN St. Pölten	SK Sturm Graz	-3	0.333333333	-0.045454545	-0.25	-3.4	0	-0.083333333	0.666666667	1.5	121
Bundesliga  Bundesliga	2017	10	Sa	0.666666667	9387	6	SK Sturm Graz	SV Mattersburg	1	1	-0.3	0	0.153846154	-0.5	0	1.565217391	1.1	122
ÖFB-Cup  ÖFB-Cup	2017	10	Mi	0.75	6770	4	SK Sturm Graz	SC Rheindorf Altach	3	1	-0.555555556	0.090909091	0.153846154	0.5	-1.4	1.625	0.777777778	123
Bundesliga  Bundesliga	2017	10	So	0.6875	4475	4	Wolfsberger AC	SK Sturm Graz	-2	0.222222222	0.24	-0.5	-1.2	0.333333333	0.153846154	0.555555556	1.68	124
Bundesliga  Bundesliga	2017	11	Sa	0.666666667	15549	6	SK Sturm Graz	SK Rapid Wien	0	1.115384615	0	0.333333333	0.285714286	-1	1	1.730769231	1.2	125
Bundesliga  Bundesliga	2017	11	Sa	0.666666667	10536	6	SK Sturm Graz	LASK	1	1.074074074	0.111111111	0.307692308	0.285714286	0.2	0	1.703703704	1.666666667	126
Bundesliga  Bundesliga	2017	11	Di	0.791666667	6527	3	SK Sturm Graz	FC Admira Wacker Mödling	5	1.071428571	-0.888888889	0.357142857	0.285714286	-0.8	-1	1.75	1.222222222	127
Bundesliga  Bundesliga	2017	12	Sa	0.770833333	3872	4	SC Rheindorf Altach	SK Sturm Graz	-1	0.5	0.482758621	0.5	-1.666666667	0.666666667	0.285714286	0.7	1.793103448	128
Bundesliga  Bundesliga	2017	12	Sa	0.770833333	8778	7	SK Sturm Graz	SKN St. Pölten	1	1.233333333	-2.1	0.666666667	0.333333333	-0.8	-3.4	1.833333333	0.6	129
Bundesliga  Bundesliga	2018	02	Sa	0.666666667	3400	48	SV Mattersburg	SK Sturm Graz	1	0.454545455	0.516129032	-0.5	-0.2	0.6875	0.333333333	1	1.870967742	130
Bundesliga  Bundesliga	2018	02	Sa	0.770833333	7183	7	SK Sturm Graz	Wolfsberger AC	-1	1.1875	-1	0.6875	0.25	-0.8	-1.2	1.8125	0.5	131
Bundesliga  Bundesliga	2018	02	Sa	0.666666667	20200	7	SK Rapid Wien	SK Sturm Graz	0	0.363636364	0.424242424	-1	0.833333333	0.588235294	0.25	1.181818182	1.757575758	132
ÖFB-Cup  ÖFB-Cup	2018	02	Mi	0.75	2811	3	SK Sturm Graz	SV Wimpassing	3	1.117647059	0	0.588235294	0.235294118	0	0	1.735294118	0	133
Bundesliga  Bundesliga	2018	03	Sa	0.666666667	5468	3	LASK	SK Sturm Graz	-2	0.5	0.485714286	0.2	-0.2	0.722222222	0.235294118	1.5	1.771428571	134
Bundesliga  Bundesliga	2018	03	Sa	0.770833333	2950	7	FC Admira Wacker Mödling	SK Sturm Graz	-2	0.2	0.527777778	-0.8	-1.8	0.722222222	0.333333333	1.1	1.805555556	135
Bundesliga  Bundesliga	2018	03	Sa	0.770833333	7154	7	SK Sturm Graz	SC Rheindorf Altach	1	1.27027027	-0.818181818	0.722222222	0.421052632	0.2	-1.666666667	1.837837838	0.636363636	136
Bundesliga  Bundesliga	2018	03	Sa	0.770833333	2248	14	SKN St. Pölten	SK Sturm Graz	-4	0.181818182	0.578947368	-0.8	-3	0.736842105	0.421052632	0.545454545	1.868421053	137
Bundesliga  Bundesliga	2018	04	Sa	0.666666667	8378	7	SK Sturm Graz	SV Mattersburg	3	1.358974359	-0.25	0.736842105	0.6	-0.285714286	-0.2	1.897435897	1.166666667	138
ÖFB-Cup  ÖFB-Cup	2018	04	Mi	0.854166667	15700	4	SK Sturm Graz	SK Rapid Wien	0	1.4	0	0.85	0.6	-0.833333333	0.833333333	1.925	1.166666667	139
Bundesliga  Bundesliga	2018	04	Sa	0.666666667	2500	3	Wolfsberger AC	SK Sturm Graz	1	0.090909091	0.707317073	-0.8	-0.833333333	0.80952381	0.6	0.727272727	1.902439024	140
Bundesliga  Bundesliga	2018	04	So	0.6875	14573	8	SK Sturm Graz	SK Rapid Wien	2	1.357142857	0	0.80952381	0.523809524	-0.833333333	0.714285714	1.857142857	1.153846154	141
Bundesliga  Bundesliga	2018	05	Sa	0.666666667	12113	3	SK Sturm Graz	LASK	2	1.372093023	-0.181818182	0.863636364	0.523809524	-0.166666667	-0.2	1.88372093	1.363636364	142
Bundesliga  Bundesliga	2018	05	So	0.6875	13421	8	SK Sturm Graz	FC Admira Wacker Mödling	2	1.386363636	-1.363636364	0.913043478	0.523809524	-1	-1.8	1.909090909	1	143
Bundesliga  Bundesliga	2018	05	So	0.729166667	5129	7	SC Rheindorf Altach	SK Sturm Graz	0	0.333333333	0.755555556	0.2	-1.571428571	0.958333333	0.523809524	0.583333333	1.933333333	144
ÖFB-Cup  ÖFB-Cup	2017	07	Sa	0.708333333	717	45	FC Kitzbühel	LASK	-1	0	-0.333333333	0	0	-0.166666667	-0.5	0	1.25	145
Bundesliga  Bundesliga	2017	07	Sa	0.770833333	5277	7	LASK	FC Admira Wacker Mödling	3	0.384615385	-1.416666667	-0.166666667	-0.285714286	-1	-1.833333333	1.384615385	0.916666667	146
Bundesliga  Bundesliga	2017	08	Sa	0.666666667	5271	7	LASK	SKN St. Pölten	2	0.571428571	-2.166666667	0.285714286	-0.285714286	-1.333333333	-3	1.5	0.5	147
Bundesliga  Bundesliga	2017	08	So	0.6875	5276	8	LASK	SC Rheindorf Altach	0	0.666666667	-0.769230769	0.5	-0.285714286	0.166666667	-1.571428571	1.6	0.615384615	148
Bundesliga  Bundesliga	2017	08	Sa	0.770833333	19400	6	SK Rapid Wien	LASK	1	0.571428571	0.125	-0.833333333	0.375	0.444444444	-0.285714286	1.071428571	1.5625	149
Bundesliga  Bundesliga	2017	09	Sa	0.770833333	3657	7	Wolfsberger AC	LASK	0	0.166666667	0.058823529	-0.5	-0.833333333	0.444444444	-0.375	0.916666667	1.470588235	150
ÖFB-Cup  ÖFB-Cup	2017	09	Di	0.791666667	800	3	SV Grödig	LASK	0	0	0.055555556	0	0	0.444444444	-0.333333333	0	1.444444444	151
Bundesliga  Bundesliga	2017	09	Sa	0.770833333	5289	4	LASK	SV Mattersburg	0	0.684210526	-0.461538462	0.444444444	-0.3	-0.285714286	-0.666666667	1.421052632	1.076923077	152
Bundesliga  Bundesliga	2017	09	Sa	0.770833333	1952	7	FC Admira Wacker Mödling	LASK	2	0	0.05	-1	-2	0.4	-0.3	0.846153846	1.4	153
Bundesliga  Bundesliga	2017	10	Sa	0.770833333	2418	7	SKN St. Pölten	LASK	-1	-0.153846154	-0.047619048	-1.333333333	-2.857142857	0.4	-0.454545455	0.461538462	1.333333333	154
ÖFB-Cup  ÖFB-Cup	2017	10	Di	0.798611111	7300	3	SV Ried	LASK	3	0	0	0	0	0.4	-0.333333333	0	1.409090909	155
Bundesliga  Bundesliga	2017	11	Sa	0.770833333	4689	7	SC Rheindorf Altach	LASK	-2	0.285714286	-0.130434783	0.166666667	-1.375	0.4	-0.538461538	0.642857143	1.347826087	156
Bundesliga  Bundesliga	2017	11	Sa	0.666666667	5962	14	LASK	SK Rapid Wien	-1	0.875	-0.066666667	0.4	-0.357142857	-0.571428571	0.375	1.416666667	1.2	157
Bundesliga  Bundesliga	2017	11	Mi	0.770833333	4457	4	LASK	Wolfsberger AC	2	0.8	-0.615384615	0.272727273	-0.357142857	-0.428571429	-0.833333333	1.36	0.923076923	158
Bundesliga  Bundesliga	2017	12	Sa	0.770833333	1716	3	SV Mattersburg	LASK	1	0.571428571	0	-0.285714286	-0.571428571	0.416666667	-0.357142857	1.071428571	1.423076923	159
Bundesliga  Bundesliga	2017	12	Sa	0.770833333	3817	7	LASK	FC Admira Wacker Mödling	1	0.814814815	-1.285714286	0.416666667	-0.4	-0.571428571	-2	1.37037037	1	160
Bundesliga  Bundesliga	2018	02	Sa	0.770833333	3877	49	LASK	SKN St. Pölten	1	0.821428571	-2.071428571	0.461538462	-0.4	-1.285714286	-2.857142857	1.428571429	0.428571429	161
Bundesliga  Bundesliga	2018	02	Sa	0.770833333	3893	7	LASK	SC Rheindorf Altach	2	0.827586207	-0.8	0.5	-0.4	-0.142857143	-1.375	1.482758621	0.6	162
Bundesliga  Bundesliga	2018	02	Sa	0.770833333	16695	7	SK Rapid Wien	LASK	2	0.6875	0.1	-0.571428571	0.444444444	0.6	-0.4	1.3125	1.533333333	163
Bundesliga  Bundesliga	2018	03	Sa	0.770833333	2635	7	Wolfsberger AC	LASK	-3	0.142857143	0.032258065	-0.428571429	-1	0.6	-0.5	0.857142857	1.483870968	164
Bundesliga  Bundesliga	2018	03	Sa	0.770833333	4145	7	LASK	SV Mattersburg	2	0.90625	-0.333333333	0.6	-0.294117647	-0.125	-0.571428571	1.53125	1.2	165
Bundesliga  Bundesliga	2018	03	Sa	0.666666667	2500	14	FC Admira Wacker Mödling	LASK	-1	0.2	0.181818182	-0.571428571	-1.875	0.6875	-0.294117647	0.933333333	1.575757576	166
Bundesliga  Bundesliga	2018	04	Sa	0.770833333	2956	6	SKN St. Pölten	LASK	-2	-0.133333333	0.205882353	-1.285714286	-2.625	0.6875	-0.222222222	0.4	1.617647059	167
Bundesliga  Bundesliga	2018	04	Sa	0.770833333	3776	7	SC Rheindorf Altach	LASK	-2	0.125	0.257142857	-0.142857143	-1.444444444	0.6875	-0.105263158	0.5625	1.657142857	168
Bundesliga  Bundesliga	2018	05	Sa	0.666666667	6009	7	LASK	SK Rapid Wien	-2	1.027777778	0.117647059	0.6875	0	-0.25	0.444444444	1.694444444	1.411764706	169
Bundesliga  Bundesliga	2018	05	So	0.6875	5468	8	LASK	Wolfsberger AC	-2	0.945945946	-0.866666667	0.529411765	0	-0.75	-1	1.648648649	0.8	170
Bundesliga  Bundesliga	2018	05	So	0.729166667	2901	7	SV Mattersburg	LASK	1	0.625	0.184210526	-0.125	-0.75	0.388888889	0	1.125	1.605263158	171
ÖFB-Cup  ÖFB-Cup	2017	07	Di	0.770833333	700	45	SK Austria Klagenfurt	SKN St. Pölten	1	0	-2	0	-7	-1.375	-2.625	0	0.375	172
Bundesliga  Bundesliga	2017	07	Sa	0.770833333	6139	6	SKN St. Pölten	SK Rapid Wien	-3	-0.176470588	0.222222222	-1.375	-2.444444444	-0.25	0.6	0.352941176	1.5	173
Bundesliga  Bundesliga	2017	08	Sa	0.770833333	2886	7	SKN St. Pölten	SV Mattersburg	0	-0.333333333	-0.352941176	-1.555555556	-2.444444444	0	-0.75	0.333333333	1.235294118	174
Bundesliga  Bundesliga	2017	08	Sa	0.666666667	3120	6	Wolfsberger AC	SKN St. Pölten	1	0.125	-1.894736842	-0.75	-0.625	-1.4	-2.444444444	0.9375	0.368421053	175
Bundesliga  Bundesliga	2017	09	Sa	0.770833333	2029	14	SKN St. Pölten	SC Rheindorf Altach	-1	-0.25	-0.941176471	-1.4	-2.3	-0.375	-1.444444444	0.35	0.529411765	176
Bundesliga  Bundesliga	2017	09	Sa	0.770833333	2500	6	SKN St. Pölten	FC Admira Wacker Mödling	0	-0.285714286	-1.25	-1.363636364	-2.3	-0.625	-1.875	0.333333333	0.875	177
Bundesliga  Bundesliga	2017	10	Sa	0.770833333	24200	14	SK Rapid Wien	SKN St. Pölten	1	1	-1.727272727	-0.25	0.818181818	-1.25	-2.3	1.578947368	0.363636364	178
Bundesliga  Bundesliga	2017	10	Sa	0.770833333	2200	7	SV Mattersburg	SKN St. Pölten	0	0.611111111	-1.695652174	0	-0.666666667	-1.25	-2.181818182	1.222222222	0.347826087	179
Bundesliga  Bundesliga	2017	11	Sa	0.770833333	2053	13	SKN St. Pölten	Wolfsberger AC	0	-0.208333333	-0.588235294	-1.25	-2	-0.555555556	-0.625	0.375	1.058823529	180
Bundesliga  Bundesliga	2017	11	Sa	0.770833333	3169	7	SC Rheindorf Altach	SKN St. Pölten	3	0.111111111	-1.56	-0.375	-1.2	-1.153846154	-2	0.666666667	0.4	181
Bundesliga  Bundesliga	2017	12	Sa	0.770833333	1600	3	FC Admira Wacker Mödling	SKN St. Pölten	1	0.176470588	-1.615384615	-0.625	-1.666666667	-1.153846154	-2.076923077	0.882352941	0.384615385	182
Bundesliga  Bundesliga	2017	12	Sa	0.770833333	3669	7	SKN St. Pölten	SK Rapid Wien	-5	-0.185185185	0.4	-1.153846154	-2	-0.111111111	0.818181818	0.37037037	1.65	183
Bundesliga  Bundesliga	2018	02	Sa	0.770833333	2381	7	SKN St. Pölten	SV Mattersburg	-3	-0.357142857	-0.315789474	-1.428571429	-2	0	-0.666666667	0.357142857	1.210526316	184
Bundesliga  Bundesliga	2018	02	Sa	0.770833333	1912	6	Wolfsberger AC	SKN St. Pölten	-1	0.166666667	-1.75862069	-0.555555556	-0.555555556	-1.533333333	-2	1.055555556	0.344827586	185
Bundesliga  Bundesliga	2018	03	Sa	0.770833333	1447	7	SKN St. Pölten	SC Rheindorf Altach	-1	-0.4	-0.631578947	-1.533333333	-1.8	0	-1.2	0.433333333	0.789473684	186
Bundesliga  Bundesliga	2018	03	Sa	0.770833333	1346	7	SKN St. Pölten	FC Admira Wacker Mödling	-1	-0.419354839	-1.055555556	-1.5	-1.8	-0.444444444	-1.666666667	0.419354839	1	187
Bundesliga  Bundesliga	2018	04	Sa	0.770833333	9200	7	SK Rapid Wien	SKN St. Pölten	1	1.19047619	-1.625	-0.111111111	1.166666667	-1.470588235	-1.8	1.714285714	0.40625	188
Bundesliga  Bundesliga	2018	04	Sa	0.770833333	2700	7	SV Mattersburg	SKN St. Pölten	0	0.7	-1.606060606	0	-0.3	-1.470588235	-1.75	1.3	0.393939394	189
Bundesliga  Bundesliga	2018	05	Sa	0.770833333	1788	6	SKN St. Pölten	Wolfsberger AC	-1	-0.352941176	-0.578947368	-1.470588235	-1.647058824	-0.6	-0.555555556	0.411764706	1	190
Bundesliga  Bundesliga	2018	05	Sa	0.770833333	3613	7	SC Rheindorf Altach	SKN St. Pölten	-2	0.35	-1.542857143	0	-1	-1.444444444	-1.647058824	0.9	0.4	191
Bundesliga  Bundesliga	2018	05	So	0.729166667	2150	7	FC Admira Wacker Mödling	SKN St. Pölten	-2	0.315789474	-1.444444444	-0.444444444	-1.4	-1.444444444	-1.444444444	1.105263158	0.472222222	192
Relegation Hinspiele	2018	05	Do	0.770833333	3200	4	SC Wiener Neustadt	SKN St. Pölten	-2	0	-1.351351351	0	0	-1.444444444	-1.263157895	0	0.540540541	193
Relegation Rückspiele	2018	06	So	0.645833333	4844	3	SKN St. Pölten	SC Wiener Neustadt	0	-0.157894737	-2	-1.444444444	-1.1	-2	0	0.605263158	0	194
ÖFB-Cup  ÖFB-Cup	2017	07	Sa	0.791666667	400	45	FC Marchfeld Mannsdorf	Wolfsberger AC	-1	0	-0.5	0	0	-0.6	-0.4	0	1.1	195
Bundesliga  Bundesliga	2017	07	Sa	0.770833333	3100	7	SV Mattersburg	Wolfsberger AC	1	0.666666667	-0.428571429	0	-0.3	-0.6	-0.272727273	1.285714286	1.19047619	196
Bundesliga  Bundesliga	2017	08	So	0.6875	3030	8	Wolfsberger AC	SC Rheindorf Altach	1	0.227272727	-0.619047619	-0.6	-0.333333333	-0.2	-1	1.136363636	0.857142857	197
Bundesliga  Bundesliga	2017	08	Sa	0.770833333	2965	7	Wolfsberger AC	FC Admira Wacker Mödling	2	0.260869565	-1	-0.454545455	-0.333333333	-0.6	-1.4	1.217391304	1.05	198
ÖFB-Cup  ÖFB-Cup	2017	09	Di	0.791666667	700	3	FC Gleisdorf 09	Wolfsberger AC	-1	0	-0.291666667	0	0	-0.25	-0.333333333	0	1.291666667	199
Bundesliga  Bundesliga	2017	09	Sa	0.666666667	20600	4	SK Rapid Wien	Wolfsberger AC	2	1.181818182	-0.24	0	1.166666667	-0.25	-0.230769231	1.772727273	1.36	200
Bundesliga  Bundesliga	2017	10	Sa	0.770833333	3230	13	Wolfsberger AC	SV Mattersburg	0	0.461538462	-0.090909091	-0.25	-0.357142857	0.083333333	-0.3	1.307692308	1.363636364	201
Bundesliga  Bundesliga	2017	10	Sa	0.770833333	4560	7	SC Rheindorf Altach	Wolfsberger AC	1	0.227272727	-0.296296296	-0.2	-1	-0.230769231	-0.357142857	0.818181818	1.296296296	202
ÖFB-Cup  ÖFB-Cup	2017	10	Mi	0.770833333	400	4	SV Wimpassing	Wolfsberger AC	1	0	-0.321428571	0	-3	-0.230769231	-0.4	0	1.25	203
Bundesliga  Bundesliga	2017	11	Sa	0.770833333	1558	6	FC Admira Wacker Mödling	Wolfsberger AC	0	0.19047619	-0.344827586	-0.6	-1.454545455	-0.230769231	-0.4375	1	1.206896552	204
Bundesliga  Bundesliga	2017	12	Sa	0.666666667	3401	3	Wolfsberger AC	SK Rapid Wien	0	0.466666667	0.695652174	-0.230769231	-0.411764706	0.181818182	1.166666667	1.2	1.826086957	205
Bundesliga  Bundesliga	2017	12	Sa	0.770833333	3000	6	SV Mattersburg	Wolfsberger AC	4	0.739130435	-0.322580645	0.083333333	-0.272727273	-0.214285714	-0.411764706	1.347826087	1.193548387	206
Bundesliga  Bundesliga	2018	02	Sa	0.770833333	2210	49	Wolfsberger AC	SC Rheindorf Altach	0	0.46875	-0.565217391	-0.214285714	-0.611111111	-0.090909091	-1	1.15625	0.913043478	207
Bundesliga  Bundesliga	2018	02	Sa	0.770833333	2287	7	Wolfsberger AC	FC Admira Wacker Mödling	-2	0.454545455	-1	-0.2	-0.611111111	-0.545454545	-1.454545455	1.151515152	1	208
Bundesliga  Bundesliga	2018	03	Sa	0.666666667	12700	7	SK Rapid Wien	Wolfsberger AC	4	1.166666667	-0.470588235	0.181818182	1.076923077	-0.3125	-0.611111111	1.791666667	1.117647059	209
Bundesliga  Bundesliga	2018	04	Sa	0.770833333	2814	7	Wolfsberger AC	SV Mattersburg	-2	0.4	0.083333333	-0.3125	-0.789473684	0.384615385	-0.272727273	1.085714286	1.416666667	210
Bundesliga  Bundesliga	2018	04	Sa	0.770833333	3827	7	SC Rheindorf Altach	Wolfsberger AC	1	0.25	-0.611111111	-0.090909091	-0.923076923	-0.411764706	-0.789473684	0.916666667	1.055555556	211
Bundesliga  Bundesliga	2018	04	Sa	0.770833333	1700	7	FC Admira Wacker Mödling	Wolfsberger AC	2	0.304347826	-0.621621622	-0.545454545	-1.166666667	-0.411764706	-0.8	1.086956522	1.027027027	212
Bundesliga  Bundesliga	2018	05	So	0.729166667	4000	7	Wolfsberger AC	SK Rapid Wien	0	0.394736842	0.8	-0.411764706	-0.857142857	0.5	1.076923077	1	1.84	213
ÖFB-Cup  ÖFB-Cup	2017	07	So	0.666666667	1600	45	SC Schwaz	SK Rapid Wien	-2	0	0.769230769	0	0	0.5	1	0	1.807692308	214
Bundesliga  Bundesliga	2017	07	Sa	0.666666667	17800	6	SK Rapid Wien	SV Mattersburg	0	1.259259259	0.16	0.5	1.066666667	0.384615385	-0.083333333	1.851851852	1.48	215
Bundesliga  Bundesliga	2017	08	So	0.6875	4700	7	FC Admira Wacker Mödling	SK Rapid Wien	2	0.375	0.785714286	-0.333333333	-1.166666667	0.461538462	1.066666667	1.166666667	1.821428571	216
Bundesliga  Bundesliga	2017	09	Sa	0.666666667	5631	6	SC Rheindorf Altach	SK Rapid Wien	0	0.28	0.689655172	0	-0.923076923	0.461538462	0.875	1	1.75862069	217
ÖFB-Cup  ÖFB-Cup	2017	09	Mi	0.854166667	4100	4	ASK Elektra	SK Rapid Wien	-4	0	0.666666667	0	0	0.461538462	0.823529412	0	1.733333333	218
Bundesliga  Bundesliga	2017	09	Sa	0.770833333	7800	7	SV Mattersburg	SK Rapid Wien	-1	0.961538462	0.774193548	0.384615385	-0.076923077	0.461538462	1	1.461538462	1.774193548	219
Bundesliga  Bundesliga	2017	10	Sa	0.666666667	16800	3	SK Rapid Wien	FC Admira Wacker Mödling	1	1.3125	-0.64	0.461538462	1	-0.153846154	-1.166666667	1.8125	1.24	220
Bundesliga  Bundesliga	2017	11	Mi	0.854166667	13400	3	SK Rapid Wien	SC Rheindorf Altach	-1	1.303030303	-0.461538462	0.5	1	0	-0.923076923	1.848484848	1	221
Bundesliga  Bundesliga	2017	12	Sa	0.666666667	14400	7	SK Rapid Wien	SV Mattersburg	0	1.235294118	0.111111111	0.4	1	0.285714286	-0.076923077	1.794117647	1.407407407	222
Bundesliga  Bundesliga	2018	02	So	0.6875	3200	7	FC Admira Wacker Mödling	SK Rapid Wien	1	0.423076923	0.714285714	-0.153846154	-1.153846154	0.375	1	1.192307692	1.771428571	223
ÖFB-Cup  ÖFB-Cup	2018	02	Mi	0.854166667	7200	4	SK Rapid Wien	SV Ried	1	1.194444444	3	0.375	0.9	3	0	1.722222222	3	224
Bundesliga  Bundesliga	2018	03	Sa	0.666666667	5193	6	SC Rheindorf Altach	SK Rapid Wien	0	0.333333333	0.675675676	0	-0.785714286	0.411764706	0.9	1.074074074	1.756756757	225
Bundesliga  Bundesliga	2018	04	So	0.6875	7100	15	SV Mattersburg	SK Rapid Wien	-2	0.928571429	0.657894737	0.285714286	-0.071428571	0.411764706	0.857142857	1.392857143	1.736842105	226
Bundesliga  Bundesliga	2018	04	So	0.6875	18600	4	SK Rapid Wien	FC Admira Wacker Mödling	3	1.230769231	-0.592592593	0.411764706	0.909090909	-0.071428571	-1.153846154	1.769230769	1.259259259	227
Bundesliga  Bundesliga	2018	05	So	0.6875	26100	7	SK Rapid Wien	SC Rheindorf Altach	3	1.275	-0.392857143	0.555555556	0.909090909	0	-0.785714286	1.8	1.071428571	228
ÖFB-Cup  ÖFB-Cup	2017	07	Sa	0.708333333	565	45	FC Lendorf	FC Admira Wacker Mödling	-2	0	-0.678571429	0	0	-0.071428571	-1.285714286	0	1.214285714	229
Bundesliga  Bundesliga	2017	07	So	0.770833333	1500	8	FC Admira Wacker Mödling	SC Rheindorf Altach	3	0.551724138	-0.482758621	-0.071428571	-1.066666667	0	-0.933333333	1.275862069	1.034482759	230
Bundesliga  Bundesliga	2017	09	Sa	0.770833333	2200	13	SV Mattersburg	FC Admira Wacker Mödling	-5	0.827586207	-0.466666667	0.133333333	-0.071428571	0.133333333	-1.066666667	1.344827586	1.333333333	231
ÖFB-Cup  ÖFB-Cup	2017	09	Di	0.791666667	1300	3	TuS Bad Gleichenberg	FC Admira Wacker Mödling	2	-3	-0.290322581	-3	0	0.133333333	-0.6875	0	1.387096774	232
Bundesliga  Bundesliga	2017	10	Sa	0.770833333	5072	14	SC Rheindorf Altach	FC Admira Wacker Mödling	0	0.366666667	-0.34375	0	-1.0625	0.133333333	-0.764705882	1	1.34375	233
Bundesliga  Bundesliga	2017	11	Sa	0.770833333	1056	7	FC Admira Wacker Mödling	SV Mattersburg	2	0.818181818	-0.133333333	0.133333333	-0.722222222	-0.1875	-0.071428571	1.333333333	1.3	234
Bundesliga  Bundesliga	2017	12	Sa	0.770833333	1400	7	FC Admira Wacker Mödling	SC Rheindorf Altach	2	0.852941176	-0.548387097	0.25	-0.722222222	0	-1.0625	1.382352941	1	235
Bundesliga  Bundesliga	2018	03	Sa	0.770833333	2100	7	SV Mattersburg	FC Admira Wacker Mödling	1	0.612903226	-0.2	-0.1875	-0.2	0.352941176	-0.722222222	1.258064516	1.428571429	236
Bundesliga  Bundesliga	2018	04	Sa	0.770833333	4069	7	SC Rheindorf Altach	FC Admira Wacker Mödling	-1	0.375	-0.222222222	0	-1.117647059	0.352941176	-0.736842105	0.96875	1.388888889	237
Bundesliga  Bundesliga	2018	05	Sa	0.770833333	3307	7	FC Admira Wacker Mödling	SV Mattersburg	0	0.945945946	-0.15625	0.352941176	-0.65	-0.117647059	-0.2	1.432432432	1.3125	238
ÖFB-Cup  ÖFB-Cup	2017	07	Sa	0.708333333	800	45	FC Pinzgau Saalfelden	SV Mattersburg	-5	0	-0.151515152	0	0	-0.117647059	-0.1875	0	1.303030303	239
Bundesliga  Bundesliga	2017	08	So	0.6875	4613	7	SC Rheindorf Altach	SV Mattersburg	1	0.333333333	0	-0.0625	-1.117647059	-0.117647059	0.117647059	0.939393939	1.352941176	240
ÖFB-Cup  ÖFB-Cup	2017	09	Di	0.791666667	500	3	SC/ESV Parndorf	SV Mattersburg	-1	0	-0.028571429	0	0	-0.117647059	0.055555556	0	1.314285714	241
ÖFB-Cup  ÖFB-Cup	2017	10	Di	0.625	600	3	ASKÖ Oedt	SV Mattersburg	-3	0	0	0	0	-0.117647059	0.105263158	0	1.361111111	242
Bundesliga  Bundesliga	2017	11	Sa	0.770833333	1950	13	SV Mattersburg	SC Rheindorf Altach	1	0.864864865	-0.558823529	-0.117647059	0.25	0	-1.117647059	1.405405405	1	243
Bundesliga  Bundesliga	2018	02	Sa	0.770833333	3113	7	SC Rheindorf Altach	SV Mattersburg	0	0.342857143	0.105263158	0	-1.111111111	-0.055555556	0.25	0.971428571	1.447368421	244
ÖFB-Cup  ÖFB-Cup	2018	02	Di	0.8125	500	3	SV Mattersburg	TSV Hartberg	3	0.871794872	0	-0.055555556	0.238095238	0	0	1.435897436	0	245
Bundesliga  Bundesliga	2018	05	Sa	0.770833333	2400	7	SV Mattersburg	SC Rheindorf Altach	-1	0.925	-0.555555556	0.105263158	0.238095238	0	-1.111111111	1.475	0.972222222	246
Europa League Qualifikation  Europa League Qualifikation	2017	06	Do	0.75	1700	45	Chikhura Sachkhere	SC Rheindorf Altach	-1	0	-0.513513514	0	0	0	-1	0	1.027027027	247
Bundesliga  Bundesliga	2017	07	Do	0.854166667	3335	7	SC Rheindorf Altach	Chikhura Sachkhere	0	0.368421053	-1	0	-0.9	-1	0	1.078947368	0	248
Europa League Qualifikation  Europa League Qualifikation	2017	07	Do	0.770833333	2811	7	SC Rheindorf Altach	Dynamo Brest	0	0.358974359	0	0	-0.9	0	0	1.076923077	0	249
ÖFB-Cup  ÖFB-Cup	2017	07	So	0.458333333	3000	3	FC Dornbirn	SC Rheindorf Altach	-4	0	-0.45	0	0	0	-0.9	0	1.075	250
Europa League Qualifikation  Europa League Qualifikation	2017	07	Do	0.770833333	10100	4	Dynamo Brest	SC Rheindorf Altach	-3	1	-0.341463415	0	0	0	-0.666666667	1	1.12195122	251
Europa League Qualifikation  Europa League Qualifikation	2017	07	Do	0.854166667	13745	4	KAA Gent	SC Rheindorf Altach	0	0	-0.261904762	0	0	0	-0.5	0	1.166666667	252
Europa League Qualifikation  Europa League Qualifikation	2017	08	Do	0.854166667	3852	4	SC Rheindorf Altach	KAA Gent	2	0.534883721	0	0	-0.47826087	0	0	1.162790698	1	253
Europa League Qualifikation  Europa League Qualifikation	2017	08	Do	0.854166667	5269	5	SC Rheindorf Altach	Maccabi Tel Aviv	-1	0.568181818	0	0.095238095	-0.47826087	0	0	1.204545455	0	254
Europa League Qualifikation  Europa League Qualifikation	2017	08	Do	0.791666667	10637	4	Maccabi Tel Aviv	SC Rheindorf Altach	0	1	-0.222222222	0	1	0.045454545	-0.47826087	3	1.177777778	255
ÖFB-Cup  ÖFB-Cup	2017	09	Mi	0.791666667	900	4	Union Gurten	SC Rheindorf Altach	0	0	-0.217391304	0	0	0.045454545	-0.458333333	0	1.173913043	256
ÖFB-Cup  ÖFB-Cup	2018	07	Fr	0.791666667	3100	45	WSC Hertha Wels	LASK	-3	0	0	0	0	0	0	0	0	257
ÖFB-Cup  ÖFB-Cup	2018	07	Fr	0.770833333	1000	45	SK Maria Saal	SKN St. Pölten	-6	0	0	0	0	0	0	0	0	258
ÖFB-Cup  ÖFB-Cup	2018	07	Fr	0.847222222	2000	45	FC Kufstein	SK Rapid Wien	-5	0	0	0	0	0	0	0	0	259
ÖFB-Cup  ÖFB-Cup	2018	07	Fr	0.791666667	800	45	SC Neusiedl/See	FC Admira Wacker Mödling	1	0	0	0	0	0	0	0	0	260
ÖFB-Cup  ÖFB-Cup	2018	07	Fr	0.791666667	530	45	SV Allerheiligen	SV Mattersburg	-2	0	0	0	0	0	0	0	0	261
ÖFB-Cup  ÖFB-Cup	2018	07	Fr	0.770833333	150	45	SV Grödig	TSV Hartberg	0	0	0	0	0	0	0	0	0	262
ÖFB-Cup  ÖFB-Cup	2018	07	Sa	0.6875	1000	45	ASV Siegendorf	SK Sturm Graz	-2	0	0	0	0	0	0	0	0	263
ÖFB-Cup  ÖFB-Cup	2018	07	Sa	0.75	600	45	Union Gurten	Wolfsberger AC	-1	0	0	0	0	0	0	0	0	264
ÖFB-Cup  ÖFB-Cup	2018	07	Sa	0.708333333	800	45	Team Wiener Linien	FC Wacker Innsbruck	-1	0	0	0	0	0	0	0	0	265
ÖFB-Cup  ÖFB-Cup	2018	07	So	0.458333333	2152	45	FV Austria XIII	FK Austria Wien	-4	0	0	0	0	0	0	0	0	266
ÖFB-Cup  ÖFB-Cup	2018	07	So	0.71875	2112	45	ASKÖ Oedt	Red Bull Salzburg	-6	0	0	0	0	0	0	0	0	267
ÖFB-Cup  ÖFB-Cup	2018	07	So	0.6875	600	45	SC/ESV Parndorf	SC Rheindorf Altach	-3	0	0	0	0	0	0	0	0	268
UEFA CL-Qualifikation  UEFA Champions League-Qualifikation	2018	07	Mi	0.854166667	53106	4	Ajax Amsterdam	SK Sturm Graz	2	0	2	0	0	0	2	0	3	269
Europa League Qualifikation  Europa League Qualifikation	2018	07	Do	0.822916667	8304	6	LASK	Lillestrøm SK	4	3	0	0	3	0	0	3	0	270
Europa League Qualifikation  Europa League Qualifikation	2018	07	Do	0.791666667	8000	6	ZSKA Sofia	FC Admira Wacker Mödling	3	0	-1	0	0	0	-1	0	0	271
Bundesliga  Bundesliga	2018	07	Fr	0.864583333	13155	5	FK Austria Wien	FC Wacker Innsbruck	1	4	1	0	4	0	1	3	3	272
Bundesliga  Bundesliga	2018	07	Sa	0.708333333	10785	3	SK Sturm Graz	TSV Hartberg	1	1	0	0	0	0	0	1.5	1	273
Bundesliga  Bundesliga	2018	07	Sa	0.708333333	4523	8	SC Rheindorf Altach	SV Mattersburg	-1	3	2	0	3	0	2	3	3	274
Bundesliga  Bundesliga	2018	07	So	0.708333333	11532	7	Red Bull Salzburg	LASK	2	6	3.5	0	6	4	3	3	3	275
Bundesliga  Bundesliga	2018	07	So	0.708333333	2786	9	SKN St. Pölten	Wolfsberger AC	1	6	1	0	6	0	1	3	3	276
Bundesliga  Bundesliga	2018	07	So	0.708333333	5200	9	FC Admira Wacker Mödling	SK Rapid Wien	-3	0	5	0	-2	0	5	0	3	277
UEFA CL-Qualifikation  UEFA Champions League-Qualifikation	2018	08	Mi	0.854166667	15172	4	SK Sturm Graz	Ajax Amsterdam	-2	1	2	1	0	2	0	2	3	278
Europa League Qualifikation  Europa League Qualifikation	2018	08	Do	0.770833333	1975	4	Lillestrøm SK	LASK	-1	0	1.666666667	0	-4	4	0.5	0	2	279
Europa League Qualifikation  Europa League Qualifikation	2018	08	Do	0.791666667	2400	4	FC Admira Wacker Mödling	ZSKA Sofia	-2	-1	3	-3	-2	3	0	0	3	280
Bundesliga  Bundesliga	2018	08	Sa	0.708333333	7820	3	FC Wacker Innsbruck	SK Sturm Graz	-1	2	-0.25	0	0	-0.5	0	1.5	1.5	281
Bundesliga  Bundesliga	2018	08	Sa	0.708333333	3500	6	SV Mattersburg	Red Bull Salzburg	-2	3	4	0	1.5	2	6	3	3	282
Bundesliga  Bundesliga	2018	08	Sa	0.708333333	15200	6	SK Rapid Wien	SC Rheindorf Altach	0	4	1	0	4	-1	3	3	1.5	283
Bundesliga  Bundesliga	2018	08	So	0.729166667	4727	9	Wolfsberger AC	FK Austria Wien	1	2.5	2.5	0	0	1	4	1.5	3	284
Bundesliga  Bundesliga	2018	08	So	0.708333333	5061	3	LASK	SKN St. Pölten	0	2.5	3.5	4	0.666666667	1	6	2.25	3	285
Bundesliga  Bundesliga	2018	08	So	0.708333333	3146	3	TSV Hartberg	FC Admira Wacker Mödling	-1	1.5	-2.25	0	-0.5	-2.5	-2	0.5	0	286
UEFA CL-Qualifikation  UEFA Champions League-Qualifikation	2018	08	Mi	0.791666667	10050	4	Red Bull Salzburg	Shkendija Tetovo	3	3.333333333	0	2	4	0	0	3	0	287
Europa League Qualifikation  Europa League Qualifikation	2018	08	Do	0.791666667	7650	5	SK Sturm Graz	AEK Larnaka	-2	0.8	0	-0.5	0.333333333	0	0	1.8	0	288
Europa League Qualifikation  Europa League Qualifikation	2018	08	Do	0.791666667	24476	4	Besiktas Istanbul	LASK	1	0	1.2	0	0	2	0.666666667	0	2	289
Europa League Qualifikation  Europa League Qualifikation	2018	08	Do	0.878472222	9563	5	Slovan Bratislava	SK Rapid Wien	1	0	2.666666667	0	0	0	4	0	2.333333333	290
Bundesliga  Bundesliga	2018	08	Sa	0.708333333	10734	6	Red Bull Salzburg	FK Austria Wien	2	3.25	1.333333333	2.5	4	1	1.5	3	2	291
Bundesliga  Bundesliga	2018	08	Sa	0.708333333	2812	7	TSV Hartberg	SV Mattersburg	2	0.666666667	0.333333333	-1	-0.5	-2	1.5	0.333333333	2	292
Bundesliga  Bundesliga	2018	08	Sa	0.708333333	5845	7	SC Rheindorf Altach	FC Wacker Innsbruck	-1	1	-0.333333333	-1	1.5	-1	0	1.333333333	1	293
Bundesliga  Bundesliga	2018	08	So	0.708333333	3450	3	SKN St. Pölten	SK Sturm Graz	2	2.333333333	-0.333333333	1	3	-1	0.333333333	2.333333333	1.5	294
Bundesliga  Bundesliga	2018	08	So	0.708333333	1850	3	FC Admira Wacker Mödling	LASK	-1	-0.8	0.833333333	-2.5	-1	2	0.25	0.6	1.666666667	295
Bundesliga  Bundesliga	2018	08	So	0.708333333	14800	7	SK Rapid Wien	Wolfsberger AC	0	2.25	0.333333333	0	2.333333333	1	0	1.75	2	296
UEFA CL-Qualifikation  UEFA Champions League-Qualifikation	2018	08	Di	0.84375	5000	3	Shkendija Tetovo	Red Bull Salzburg	-1	0	3	0	-3	2.333333333	4	0	3	297
Europa League Qualifikation  Europa League Qualifikation	2018	08	Do	0.729166667	4145	4	AEK Larnaka	SK Sturm Graz	5	2	-0.571428571	0	2	-1	-0.25	3	1.285714286	298
Europa League Qualifikation  Europa League Qualifikation	2018	08	Do	0.822916667	14000	4	LASK	Besiktas Istanbul	1	1.571428571	1	2	0.4	1	0	1.857142857	3	299
Europa League Qualifikation  Europa League Qualifikation	2018	08	Do	0.854166667	17800	4	SK Rapid Wien	Slovan Bratislava	4	1.8	1	0	2.333333333	1	0	1.6	3	300
Bundesliga  Bundesliga	2018	08	Sa	0.708333333	7600	4	Red Bull Salzburg	TSV Hartberg	2	2.666666667	0	2.333333333	3	0.5	-0.5	3	1	301
Bundesliga  Bundesliga	2018	08	Sa	0.708333333	4321	6	FC Wacker Innsbruck	SKN St. Pölten	-2	1.25	2.25	-1	0.333333333	1.5	3	1.5	2.5	302
Bundesliga  Bundesliga	2018	08	Sa	0.708333333	2200	6	SV Mattersburg	Wolfsberger AC	-6	1.5	0.25	-2	0.333333333	1	0	1.5	1.75	303
Bundesliga  Bundesliga	2018	08	So	0.708333333	10055	8	FK Austria Wien	FC Admira Wacker Mödling	4	1.25	-1.5	1	0.333333333	-2	-1	1.5	0.5	304
Bundesliga  Bundesliga	2018	08	So	0.708333333	6712	3	SK Sturm Graz	SC Rheindorf Altach	0	0.25	0.25	-1	-1.2	-1	1.5	1.125	1	305
Bundesliga  Bundesliga	2018	08	So	0.708333333	5864	3	LASK	SK Rapid Wien	1	1.5	1.833333333	1.666666667	0.4	1.333333333	2.333333333	2	1.833333333	306
UEFA CL-Qualifikation  UEFA Champions League-Qualifikation	2018	08	Di	0.875	0	3	Roter Stern Belgrad	Red Bull Salzburg	0	0	2.571428571	0	0	2.25	3	0	3	307
Europa League Qualifikation  Europa League Qualifikation	2018	08	Do	0.854166667	19300	4	SK Rapid Wien	FCSB	2	2	0	1.333333333	1.5	0	0	1.571428571	0	308
Bundesliga  Bundesliga	2018	08	Sa	0.708333333	5424	6	SKN St. Pölten	FK Austria Wien	0	2.2	1.2	1.5	2.666666667	2.5	0.333333333	2.6	1.8	309
Bundesliga  Bundesliga	2018	08	Sa	0.708333333	5635	6	Wolfsberger AC	SK Sturm Graz	0	2.4	-1	1	1.5	-0.75	-1.2	2	1.111111111	310
Bundesliga  Bundesliga	2018	08	Sa	0.708333333	4125	4	SC Rheindorf Altach	Red Bull Salzburg	-1	0.6	2.25	-1	1	2.25	2.25	1	2.75	311
Bundesliga  Bundesliga	2018	08	So	0.708333333	3141	7	TSV Hartberg	LASK	-1	0.8	0.888888889	0.5	-1	1.5	0.4	0.8	2.111111111	312
Bundesliga  Bundesliga	2018	08	So	0.708333333	17400	3	SK Rapid Wien	FC Wacker Innsbruck	1	2	-0.4	1.5	1.5	-1.5	0.333333333	1.75	1.2	313
Bundesliga  Bundesliga	2018	08	So	0.708333333	3400	7	FC Admira Wacker Mödling	SV Mattersburg	0	-0.714285714	-1.4	-2	-1.75	-4	0.333333333	0.428571429	1.2	314
UEFA CL-Qualifikation  UEFA Champions League-Qualifikation	2018	08	Mi	0.875	26500	4	Red Bull Salzburg	Roter Stern Belgrad	0	2.333333333	0	2.25	2	0	0	2.777777778	1	315
Europa League Qualifikation  Europa League Qualifikation	2018	08	Do	0.854166667	31274	4	FCSB	SK Rapid Wien	1	1	1.444444444	0	-2	1.4	1.5	0	1.888888889	316
Bundesliga  Bundesliga	2018	09	Sa	0.708333333	9046	7	FK Austria Wien	SV Mattersburg	1	1.5	-1.166666667	2.5	0.25	-4	0.25	1.666666667	1.166666667	317
Bundesliga  Bundesliga	2018	09	Sa	0.708333333	3248	7	SC Rheindorf Altach	SKN St. Pölten	-1	0.333333333	1.833333333	-1	1	1	2.666666667	0.833333333	2.333333333	318
Bundesliga  Bundesliga	2018	09	Sa	0.708333333	3115	6	FC Wacker Innsbruck	TSV Hartberg	1	0.666666667	-0.5	-1.5	0	0	-1	1	0.666666667	319
Bundesliga  Bundesliga	2018	09	So	0.708333333	14487	8	SK Sturm Graz	SK Rapid Wien	0	0.3	1.2	-0.75	-1	1.4	1	1.1	1.7	320
Bundesliga  Bundesliga	2018	09	So	0.708333333	6489	4	Red Bull Salzburg	FC Admira Wacker Mödling	2	2.1	-1.625	1.8	2	-1.5	-1.75	2.6	0.5	321
Bundesliga  Bundesliga	2018	09	So	0.708333333	5119	7	LASK	Wolfsberger AC	2	1.4	1.166666667	1.5	0.5	0.5	1.5	2.2	1.833333333	322
Bundesliga  Bundesliga	2018	09	Sa	0.708333333	2400	13	FC Admira Wacker Mödling	SK Sturm Graz	-1	-0.444444444	-0.818181818	-1.5	-1.8	-0.6	-1	0.444444444	1.090909091	323
Bundesliga  Bundesliga	2018	09	Sa	0.708333333	5511	13	SKN St. Pölten	Red Bull Salzburg	-2	1.857142857	1.909090909	1	2.25	1.833333333	2	2.428571429	2.636363636	324
Bundesliga  Bundesliga	2018	09	Sa	0.708333333	2166	14	TSV Hartberg	SC Rheindorf Altach	1	0.571428571	-0.142857143	0	-1	-1	1	0.571428571	0.714285714	325
Bundesliga  Bundesliga	2018	09	So	0.708333333	26000	15	SK Rapid Wien	FK Austria Wien	-1	1.727272727	1	1.4	0.833333333	2	0.25	1.636363636	1.857142857	326
Bundesliga  Bundesliga	2018	09	So	0.604166667	1952	14	SV Mattersburg	LASK	-2	0.142857143	1	-4	0	1.6	0.5	1	2.272727273	327
Bundesliga  Bundesliga	2018	09	So	0.604166667	3887	14	Wolfsberger AC	FC Wacker Innsbruck	2	1.714285714	-0.285714286	0.5	0.8	-0.666666667	0	1.571428571	1.285714286	328
Europa League  Europa League	2018	09	Do	0.875	24057	5	RasenBallsport Leipzig	Red Bull Salzburg	-1	0	1.916666667	0	0	1.833333333	2	0	2.666666667	329
Europa League  Europa League	2018	09	Do	0.788194444	21400	4	SK Rapid Wien	Spartak Moskau	2	1.5	0	1	0.833333333	0	0	1.5	0	330
Bundesliga  Bundesliga	2018	09	Sa	0.708333333	6958	7	SK Sturm Graz	SV Mattersburg	-1	0.5	-1.25	-0.6	-0.714285714	-3.333333333	0	1.25	0.875	331
Bundesliga  Bundesliga	2018	09	Sa	0.708333333	2565	7	SKN St. Pölten	TSV Hartberg	3	1.375	-0.375	0.25	2.25	0.25	-1	2.125	0.875	332
Bundesliga  Bundesliga	2018	09	Sa	0.708333333	3267	6	SC Rheindorf Altach	Wolfsberger AC	-1	0.25	0.875	-1	0.5	1	0.8	0.625	1.75	333
Bundesliga  Bundesliga	2018	09	So	0.604166667	10076	7	FK Austria Wien	LASK	-3	1.375	1.083333333	2	0.4	1.6	0.714285714	2	2.333333333	334
Bundesliga  Bundesliga	2018	09	So	0.708333333	15973	3	Red Bull Salzburg	SK Rapid Wien	1	2.230769231	1	1.833333333	1.857142857	1.142857143	0.833333333	2.692307692	1.615384615	335
Bundesliga  Bundesliga	2018	09	So	0.604166667	3620	8	FC Wacker Innsbruck	FC Admira Wacker Mödling	-2	0.75	-1.6	-0.666666667	-0.4	-1.4	-1.8	1.125	0.4	336
ÖFB-Cup  ÖFB-Cup	2018	09	Di	0.770833333	2312	3	Wolfsberger AC	SK Austria Klagenfurt	4	1.666666667	0	1	0.833333333	0	0	1.888888889	0	337
ÖFB-Cup  ÖFB-Cup	2018	09	Di	0.666666667	540	3	SV Leobendorf	SC Rheindorf Altach	-1	0	-0.333333333	0	0	-1	0.5	0	0.555555556	338
ÖFB-Cup  ÖFB-Cup	2018	09	Di	0.791666667	875	3	TSV Hartberg	WSG Wattens	3	0.555555556	0	0.25	-1.4	0	0	0.777777778	0	339
ÖFB-Cup  ÖFB-Cup	2018	09	Mi	0.864583333	8900	3	FK Austria Wien	SK Sturm Graz	2	0.888888889	-0.692307692	0.75	0.4	-0.666666667	-0.714285714	1.777777778	1.153846154	340
ÖFB-Cup  ÖFB-Cup	2018	09	Mi	0.854166667	1300	3	SC Schwaz	Red Bull Salzburg	-6	0	1.785714286	0	0	1.714285714	1.857142857	0	2.714285714	341
ÖFB-Cup  ÖFB-Cup	2018	09	Mi	0.791666667	2000	3	ATSV Stadl-Paura	LASK	-8	0	1.230769231	0	0	1.6	1	0	2.384615385	342
ÖFB-Cup  ÖFB-Cup	2018	09	Mi	0.791666667	600	4	FC Pinzgau Saalfelden	SKN St. Pölten	-5	0	1.444444444	0	0	0.8	2.25	0	2.222222222	343
ÖFB-Cup  ÖFB-Cup	2018	09	Mi	0.770833333	5300	3	SV Mattersburg	SK Rapid Wien	0	0.111111111	0.857142857	-3.333333333	0.166666667	1.142857143	0.571428571	1.111111111	1.5	344
ÖFB-Cup  ÖFB-Cup	2018	09	Mi	0.791666667	600	3	SC Neusiedl/See	FC Wacker Innsbruck	-2	1	-0.666666667	1	0	-1	-0.4	3	1	345
Bundesliga  Bundesliga	2018	09	Sa	0.708333333	4655	3	Wolfsberger AC	Red Bull Salzburg	-3	1.9	2.066666667	1.75	0.833333333	1.714285714	2.375	2	2.733333333	346
Bundesliga  Bundesliga	2018	09	Sa	0.708333333	15800	3	SK Rapid Wien	SKN St. Pölten	-2	1.466666667	1.8	1.142857143	0.5	0.8	2.8	1.466666667	2.3	347
Bundesliga  Bundesliga	2018	09	Sa	0.708333333	1600	6	FC Admira Wacker Mödling	SC Rheindorf Altach	-2	-0.181818182	-0.2	-1.4	-1.166666667	-1	0.6	0.636363636	0.8	348
Bundesliga  Bundesliga	2018	09	So	0.604166667	4058	4	TSV Hartberg	FK Austria Wien	-1	0.8	0.7	0.8	-1.4	1	0.4	1	1.9	349
Bundesliga  Bundesliga	2018	09	So	0.708333333	6009	4	LASK	SK Sturm Graz	0	2.142857143	-0.785714286	1.6	1.777777778	-0.666666667	-0.875	2.428571429	1.071428571	350
Bundesliga  Bundesliga	2018	09	So	0.604166667	1900	4	SV Mattersburg	FC Wacker Innsbruck	1	0.1	-0.4	-2.5	0.166666667	-1	0	1.1	1.2	351
Europa League  Europa League	2018	10	Do	0.788194444	24085	5	Red Bull Salzburg	Celtic Glasgow	2	2.5	0	1.714285714	2.444444444	0	0	2.75	0	352
Europa League  Europa League	2018	10	Do	0.875	47543	5	Glasgow Rangers	SK Rapid Wien	2	0	0.625	0	0	0.75	0.5	0	1.375	353
Bundesliga  Bundesliga	2018	10	Sa	0.708333333	3712	6	SC Rheindorf Altach	FK Austria Wien	2	0.636363636	0.727272727	-1	0.833333333	1	0.5	1	2	354
Bundesliga  Bundesliga	2018	10	Sa	0.708333333	3187	7	SKN St. Pölten	FC Admira Wacker Mödling	0	1.909090909	-1.333333333	0.8	2.666666667	-1.5	-1.166666667	2.363636364	0.583333333	355
Bundesliga  Bundesliga	2018	10	Sa	0.708333333	3213	7	Wolfsberger AC	TSV Hartberg	-1	1.454545455	-0.363636364	0.8	0.833333333	0.5	-1.4	1.818181818	0.909090909	356
Bundesliga  Bundesliga	2018	10	So	0.708333333	11147	7	SK Sturm Graz	Red Bull Salzburg	-1	0.333333333	2.117647059	-0.666666667	-0.777777778	1.75	2.444444444	1.066666667	2.764705882	357
Bundesliga  Bundesliga	2018	10	So	0.604166667	3873	7	FC Wacker Innsbruck	LASK	1	0.727272727	1.6	-1	-0.142857143	1.333333333	1.777777778	1.090909091	2.333333333	358
Bundesliga  Bundesliga	2018	10	So	0.604166667	18200	3	SK Rapid Wien	SV Mattersburg	1	1.235294118	-0.727272727	0.75	0.222222222	-1.8	0.166666667	1.294117647	1.272727273	359
Bundesliga  Bundesliga	2018	10	Sa	0.708333333	11033	13	Red Bull Salzburg	FC Wacker Innsbruck	0	2.444444444	-0.333333333	1.75	2.3	-0.6	-0.142857143	2.777777778	1.25	360
Bundesliga  Bundesliga	2018	10	Sa	0.708333333	5089	13	LASK	SC Rheindorf Altach	0	1.875	0.166666667	1.333333333	1.5	-0.5	0.833333333	2.1875	1.166666667	361
Bundesliga  Bundesliga	2018	10	Sa	0.708333333	5024	13	TSV Hartberg	SK Rapid Wien	3	0.916666667	0.5	0.5	-1	0.777777778	0.222222222	1.083333333	1.388888889	362
Bundesliga  Bundesliga	2018	10	So	0.708333333	11265	15	FK Austria Wien	SK Sturm Graz	0	0.916666667	-0.75	1	0.142857143	-0.714285714	-0.777777778	1.833333333	1	363
Bundesliga  Bundesliga	2018	10	So	0.604166667	1800	15	SV Mattersburg	SKN St. Pölten	2	0.166666667	1.666666667	-1.8	0	0.666666667	2.666666667	1.166666667	2.25	364
Bundesliga  Bundesliga	2018	10	So	0.604166667	1700	15	FC Admira Wacker Mödling	Wolfsberger AC	0	-0.307692308	0.666666667	-1.5	-1	0.5	0.833333333	0.615384615	1.666666667	365
Europa League  Europa League	2018	10	Do	0.788194444	20639	5	Red Bull Salzburg	Rosenborg BK	3	2.315789474	0	1.555555556	2.3	0	0	2.684210526	0	366
Europa League  Europa League	2018	10	Do	0.875	14158	5	FC Villarreal	SK Rapid Wien	5	0	0.315789474	0	0	0.777777778	-0.1	0	1.315789474	367
Bundesliga  Bundesliga	2018	10	Sa	0.708333333	5532	6	FC Wacker Innsbruck	FK Austria Wien	0	0.769230769	0.461538462	-0.6	-0.125	0.833333333	0.142857143	1.230769231	1.769230769	368
Bundesliga  Bundesliga	2018	10	Sa	0.708333333	5024	6	TSV Hartberg	SK Sturm Graz	2	1.076923077	-0.705882353	0.857142857	-1	-0.714285714	-0.7	1.230769231	1	369
Bundesliga  Bundesliga	2018	10	Sa	0.708333333	1600	6	SV Mattersburg	SC Rheindorf Altach	0	0.307692308	0.153846154	-1.166666667	0	-0.5	0.714285714	1.307692308	1.153846154	370
Bundesliga  Bundesliga	2018	10	So	0.708333333	6009	3	LASK	Red Bull Salzburg	0	1.764705882	2	1.142857143	1.5	1.7	2.3	2.117647059	2.7	371
Bundesliga  Bundesliga	2018	10	So	0.604166667	2586	7	Wolfsberger AC	SKN St. Pölten	1	1.153846154	1.384615385	0.5	0.714285714	0.666666667	2	1.615384615	2.076923077	372
Bundesliga  Bundesliga	2018	10	So	0.604166667	14600	3	SK Rapid Wien	FC Admira Wacker Mödling	2	1.1	-1.142857143	0.777777778	-0.545454545	-1.285714286	-1	1.25	0.642857143	373
ÖFB-Cup  ÖFB-Cup	2018	10	Di	0.847222222	7212	3	FK Austria Wien	Floridsdorfer AC	2	0.785714286	0	0.833333333	0.125	0	0	1.714285714	0	374
ÖFB-Cup  ÖFB-Cup	2018	10	Di	0.75	1467	3	TSV Hartberg	FC Wacker Innsbruck	1	1.142857143	-0.285714286	1	-1	-0.5	-0.125	1.357142857	1.214285714	375
ÖFB-Cup  ÖFB-Cup	2018	10	Mi	0.770833333	3500	3	SC Austria Lustenau	Red Bull Salzburg	-1	0	1.904761905	0	0	1.7	2.090909091	0	2.619047619	376
ÖFB-Cup  ÖFB-Cup	2018	10	Mi	0.770833333	2243	3	SC Rheindorf Altach	LASK	-3	0.785714286	1.277777778	-0.5	0.625	1	1.5	1.142857143	2.055555556	377
ÖFB-Cup  ÖFB-Cup	2018	10	Mi	0.791666667	720	3	SV Lafnitz	SKN St. Pölten	-1	0	1.214285714	0	0	0.666666667	1.625	0	1.928571429	378
ÖFB-Cup  ÖFB-Cup	2018	10	Mi	0.75	3755	3	Wolfsberger AC	SK Rapid Wien	-3	1.142857143	0.142857143	0.571428571	0.714285714	0.9	-0.545454545	1.714285714	1.333333333	379
Bundesliga  Bundesliga	2018	11	Sa	0.708333333	7867	7	SK Sturm Graz	FC Wacker Innsbruck	0	0.277777778	-0.333333333	-0.714285714	-0.818181818	-0.5	-0.222222222	0.944444444	1.133333333	380
Bundesliga  Bundesliga	2018	11	Sa	0.708333333	4071	3	SKN St. Pölten	LASK	0	1.6	1.368421053	0.666666667	1.555555556	1	1.636363636	2	2.105263158	381
Bundesliga  Bundesliga	2018	11	Sa	0.708333333	1900	6	FC Admira Wacker Mödling	TSV Hartberg	-1	-0.266666667	0.2	-1.285714286	-1.125	1	-1	0.6	1.466666667	382
Bundesliga  Bundesliga	2018	11	So	0.604166667	8540	5	FK Austria Wien	Wolfsberger AC	-1	0.866666667	0.4	1	0.125	0.125	0.714285714	1.8	1.6	383
Bundesliga  Bundesliga	2018	11	So	0.604166667	8652	4	Red Bull Salzburg	SV Mattersburg	1	2.318181818	-0.5	1.7	2	-1	0	2.636363636	1.285714286	384
Bundesliga  Bundesliga	2018	11	So	0.708333333	5038	4	SC Rheindorf Altach	SK Rapid Wien	0	0.533333333	0.272727273	-0.857142857	0.625	0.9	-0.25	1.066666667	1.409090909	385
Europa League  Europa League	2018	11	Do	0.875	12386	4	Rosenborg BK	Red Bull Salzburg	-3	0	1.826086957	0	-3	1.636363636	2	0	2.652173913	386
Europa League  Europa League	2018	11	Do	0.788194444	22100	4	SK Rapid Wien	FC Villarreal	0	1.260869565	5	0.9	-0.230769231	5	0	1.391304348	3	387
Bundesliga  Bundesliga	2018	11	Sa	0.708333333	9218	7	SK Sturm Graz	SKN St. Pölten	0	0.263157895	1.125	-0.625	-0.818181818	0.571428571	1.555555556	0.947368421	1.9375	388
Bundesliga  Bundesliga	2018	11	Sa	0.708333333	4873	7	LASK	FC Admira Wacker Mödling	4	1.75	-1.1875	1	1.5	-1.25	-1.125	2.05	0.5625	389
Bundesliga  Bundesliga	2018	11	Sa	0.708333333	5343	7	FC Wacker Innsbruck	SC Rheindorf Altach	1	0.875	-0.0625	-0.5	-0.2	-0.75	0.625	1.125	1.0625	390
Bundesliga  Bundesliga	2018	11	So	0.708333333	10507	7	FK Austria Wien	Red Bull Salzburg	-2	0.75	1.875	0.75	0.125	1.636363636	2.076923077	1.6875	2.666666667	391
Bundesliga  Bundesliga	2018	11	So	0.604166667	5444	7	Wolfsberger AC	SK Rapid Wien	2	1	0.25	0.125	0.75	0.818181818	-0.230769231	1.6875	1.375	392
Bundesliga  Bundesliga	2018	11	So	0.604166667	2800	7	SV Mattersburg	TSV Hartberg	-1	0.333333333	0.25	-1	-0.125	1	-0.714285714	1.2	1.5625	393
Bundesliga  Bundesliga	2018	11	Sa	0.708333333	2857	13	FC Admira Wacker Mödling	FK Austria Wien	-1	-0.235294118	0.294117647	-1.25	-1.444444444	0.444444444	0.125	0.529411765	1.588235294	394
Bundesliga  Bundesliga	2018	11	Sa	0.708333333	4870	13	TSV Hartberg	Red Bull Salzburg	-4	1.294117647	1.88	1	-0.5	1.636363636	2.071428571	1.647058824	2.68	395
Bundesliga  Bundesliga	2018	11	Sa	0.708333333	2766	13	Wolfsberger AC	SV Mattersburg	0	1.058823529	-0.5625	0.333333333	0.75	-1	-0.125	1.764705882	1.125	396
Bundesliga  Bundesliga	2018	11	So	0.604166667	3876	15	SC Rheindorf Altach	SK Sturm Graz	-2	0.470588235	-0.7	-0.75	0.444444444	-0.555555556	-0.818181818	1	0.95	397
Bundesliga  Bundesliga	2018	11	So	0.708333333	17600	15	SK Rapid Wien	LASK	-1	1.2	1.428571429	0.818181818	-0.357142857	1.333333333	1.5	1.32	2.095238095	398
Bundesliga  Bundesliga	2018	11	So	0.604166667	2700	15	SKN St. Pölten	FC Wacker Innsbruck	2	1.411764706	-0.235294118	0.571428571	1.4	-0.285714286	-0.2	1.882352941	1.235294118	399
Europa League  Europa League	2018	11	Do	0.788194444	29520	5	Red Bull Salzburg	RasenBallsport Leipzig	1	2.423076923	-1	1.636363636	2.2	-1	0	2.692307692	0	400
Europa League  Europa League	2018	11	Do	0.701388889	20739	4	Spartak Moskau	SK Rapid Wien	-1	0	0.115384615	0	-2	0.666666667	-0.357142857	0	1.269230769	401
Bundesliga  Bundesliga	2018	12	Sa	0.708333333	9025	7	FK Austria Wien	SKN St. Pölten	2	0.666666667	1.111111111	0.444444444	0.222222222	0.75	1.4	1.666666667	1.944444444	402
Bundesliga  Bundesliga	2018	12	Sa	0.708333333	4957	6	LASK	TSV Hartberg	0	1.818181818	0.055555556	1.333333333	1.461538462	0.5	-0.5	2.136363636	1.555555556	403
Bundesliga  Bundesliga	2018	12	Sa	0.708333333	1550	7	SV Mattersburg	FC Admira Wacker Mödling	0	0.352941176	-1.333333333	-1	-0.111111111	-1.222222222	-1.444444444	1.117647059	0.5	404
Bundesliga  Bundesliga	2018	12	So	0.708333333	8074	7	SK Sturm Graz	Wolfsberger AC	3	0.333333333	0.5	-0.555555556	-0.583333333	0.3	0.75	1.047619048	1.722222222	405
Bundesliga  Bundesliga	2018	12	So	0.604166667	5797	3	Red Bull Salzburg	SC Rheindorf Altach	1	2.37037037	-0.222222222	1.583333333	2.2	-0.888888889	0.444444444	2.703703704	0.944444444	406
Bundesliga  Bundesliga	2018	12	So	0.604166667	7665	3	FC Wacker Innsbruck	SK Rapid Wien	-1	0.833333333	0.148148148	-0.285714286	-0.363636364	0.666666667	-0.266666667	1.166666667	1.333333333	407
Bundesliga  Bundesliga	2018	12	Sa	0.708333333	1900	6	FC Admira Wacker Mödling	Red Bull Salzburg	0	-0.157894737	1.892857143	-1.222222222	-1.3	1.538461538	2.2	0.526315789	2.714285714	408
Bundesliga  Bundesliga	2018	12	Sa	0.708333333	2655	7	Wolfsberger AC	LASK	0	0.947368421	1.347826087	0.3	0.333333333	1.2	1.461538462	1.631578947	2.086956522	409
Bundesliga  Bundesliga	2018	12	Sa	0.708333333	2143	7	SKN St. Pölten	SC Rheindorf Altach	1	1.368421053	-0.263157895	0.75	1.090909091	-0.888888889	0.3	1.842105263	0.894736842	410
Bundesliga  Bundesliga	2018	12	So	0.604166667	2700	8	SV Mattersburg	FK Austria Wien	1	0.333333333	0.421052632	-0.888888889	-0.111111111	0.6	0.222222222	1.111111111	1.736842105	411
Bundesliga  Bundesliga	2018	12	So	0.708333333	17700	7	SK Rapid Wien	SK Sturm Graz	0	1.142857143	-0.409090909	0.666666667	-0.1875	-0.2	-0.583333333	1.392857143	1.136363636	412
Bundesliga  Bundesliga	2018	12	So	0.604166667	2733	7	TSV Hartberg	FC Wacker Innsbruck	0	1.105263158	-0.368421053	0.5	-0.444444444	-0.375	-0.363636364	1.526315789	1.105263158	413
Europa League  Europa League	2018	12	Do	0.875	56578	5	Celtic Glasgow	Red Bull Salzburg	-1	1	1.827586207	0	-2	1.538461538	2.0625	0	2.655172414	414
Europa League  Europa League	2018	12	Do	0.788194444	23850	4	SK Rapid Wien	Glasgow Rangers	1	1.103448276	2	0.615384615	-0.1875	2	0	1.379310345	3	415
Bundesliga  Bundesliga	2018	12	Sa	0.708333333	7048	6	SK Sturm Graz	FC Admira Wacker Mödling	3	0.434782609	-1.2	-0.2	-0.538461538	-1.1	-1.3	1.130434783	0.55	416
Bundesliga  Bundesliga	2018	12	Sa	0.708333333	4797	7	LASK	SV Mattersburg	1	1.708333333	-0.421052632	1.2	1.357142857	-0.7	-0.111111111	2.041666667	1.210526316	417
Bundesliga  Bundesliga	2018	12	Sa	0.708333333	2035	7	FC Wacker Innsbruck	Wolfsberger AC	0	0.8	0.3	-0.375	-0.333333333	0.272727273	0.333333333	1.1	1.6	418
Bundesliga  Bundesliga	2018	12	So	0.708333333	16582	7	FK Austria Wien	SK Rapid Wien	5	0.75	0.2	0.6	0.1	0.642857143	-0.1875	1.65	1.433333333	419
Bundesliga  Bundesliga	2018	12	So	0.604166667	5727	3	Red Bull Salzburg	SKN St. Pölten	4	2.3	0.95	1.538461538	2	0.777777778	1.090909091	2.666666667	1.9	420
Bundesliga  Bundesliga	2018	12	So	0.604166667	2543	8	SC Rheindorf Altach	TSV Hartberg	5	0.35	0.05	-0.888888889	0.181818182	0.454545455	-0.444444444	0.85	1.5	421
Europa League  Europa League	2019	02	Do	0.875	16457	60	FC Brügge	Red Bull Salzburg	1	0	1.870967742	0	0	1.714285714	2	0	2.677419355	422
Europa League  Europa League	2019	02	Do	0.788194444	23850	60	SK Rapid Wien	Inter Mailand	-1	1.096774194	0	0.642857143	-0.470588235	0	0	1.387096774	0	423
ÖFB-Cup  ÖFB-Cup	2019	02	Fr	0.791666667	12295	61	Grazer AK 1902	FK Austria Wien	1	0	0.571428571	0	0	1	0.1	0	1.714285714	424
ÖFB-Cup  ÖFB-Cup	2019	02	Sa	0.5	5328	63	LASK	SKN St. Pölten	6	1.68	0.714285714	1.181818182	1.357142857	0.777777778	0.666666667	2.08	1.80952381	425
ÖFB-Cup  ÖFB-Cup	2019	02	So	0.625	2170	3	SC Wiener Neustadt	Red Bull Salzburg	-1	0	1.78125	0	0	1.714285714	1.833333333	0	2.59375	426
ÖFB-Cup  ÖFB-Cup	2019	02	So	0.71875	12700	3	SK Rapid Wien	TSV Hartberg	3	1.03125	-0.19047619	0.533333333	-0.470588235	0.454545455	-0.9	1.34375	1.428571429	427
Europa League  Europa League	2019	02	Do	0.788194444	24717	4	Red Bull Salzburg	FC Brügge	4	2.303030303	1	1.714285714	1.789473684	1	0	2.606060606	3	428
Bundesliga  Bundesliga	2019	02	Fr	0.8125	6009	7	LASK	FK Austria Wien	2	1.846153846	0.5	1.583333333	1.357142857	1	0	2.115384615	1.636363636	429
Bundesliga  Bundesliga	2019	02	Sa	0.708333333	3198	70	Wolfsberger AC	SC Rheindorf Altach	0	0.857142857	-0.047619048	0.272727273	0.3	-0.3	0.181818182	1.571428571	0.952380952	430
Bundesliga  Bundesliga	2019	02	Sa	0.708333333	1957	70	FC Admira Wacker Mödling	FC Wacker Innsbruck	3	-0.142857143	-0.333333333	-1.1	-1.454545455	-0.333333333	-0.333333333	0.523809524	1.095238095	431
Bundesliga  Bundesliga	2019	02	So	0.604166667	6200	71	SV Mattersburg	SK Sturm Graz	0	0.4	-0.25	-0.7	-0.2	0.090909091	-0.538461538	1.15	1.208333333	432
Bundesliga  Bundesliga	2019	02	So	0.708333333	19440	3	SK Rapid Wien	Red Bull Salzburg	2	1.090909091	1.823529412	0.6875	-0.470588235	1.866666667	1.789473684	1.393939394	2.617647059	433
Bundesliga  Bundesliga	2019	02	So	0.604166667	1965	8	TSV Hartberg	SKN St. Pölten	0	1.090909091	0.409090909	0.454545455	-1.090909091	0.777777778	0.153846154	1.363636364	1.727272727	434
Bundesliga  Bundesliga	2019	03	Sa	0.708333333	6111	6	Red Bull Salzburg	Wolfsberger AC	3	2.285714286	0.272727273	1.866666667	1.6	0.25	0.3	2.542857143	1.545454545	435
Bundesliga  Bundesliga	2019	03	Sa	0.708333333	7195	6	SKN St. Pölten	SK Rapid Wien	-4	1.260869565	0.147058824	0.777777778	0.142857143	0.764705882	-0.470588235	1.695652174	1.441176471	436
Bundesliga  Bundesliga	2019	03	Sa	0.708333333	3618	7	SC Rheindorf Altach	FC Admira Wacker Mödling	-1	0.545454545	-1.090909091	-0.3	0.166666667	-0.727272727	-1.454545455	0.954545455	0.636363636	437
Bundesliga  Bundesliga	2019	03	So	0.604166667	8422	9	FK Austria Wien	TSV Hartberg	2	0.913043478	-0.304347826	1	-0.166666667	0.416666667	-1.090909091	1.565217391	1.347826087	438
Bundesliga  Bundesliga	2019	03	So	0.604166667	11154	7	SK Sturm Graz	LASK	-3	0.56	1.481481481	0.090909091	-0.5	1.615384615	1.357142857	1.2	2.148148148	439
Bundesliga  Bundesliga	2019	03	So	0.708333333	2873	7	FC Wacker Innsbruck	SV Mattersburg	-1	0.727272727	-0.428571429	-0.333333333	-0.538461538	-0.636363636	-0.2	1.045454545	1.142857143	440
Europa League  Europa League	2019	03	Do	0.875	32579	5	SSC Neapel	Red Bull Salzburg	3	0	1.75	0	0	1.9375	1.6	0	2.555555556	441
Bundesliga  Bundesliga	2019	03	So	0.708333333	9380	7	FK Austria Wien	SC Rheindorf Altach	-2	0.958333333	-0.086956522	1.083333333	-0.166666667	-0.363636364	0.166666667	1.625	0.913043478	442
Bundesliga  Bundesliga	2019	03	So	0.708333333	10142	7	Red Bull Salzburg	SK Sturm Graz	0	2.243243243	-0.346153846	1.9375	1.380952381	-0.166666667	-0.5	2.486486486	1.153846154	443
Bundesliga  Bundesliga	2019	03	So	0.708333333	5521	7	LASK	FC Wacker Innsbruck	2	1.892857143	-0.47826087	1.615384615	1.466666667	-0.4	-0.538461538	2.178571429	1	444
Bundesliga  Bundesliga	2019	03	So	0.708333333	2350	8	FC Admira Wacker Mödling	SKN St. Pölten	1	0.043478261	0.208333333	-0.727272727	-1.25	0.3	0.142857143	0.739130435	1.625	445
Bundesliga  Bundesliga	2019	03	So	0.708333333	3678	8	TSV Hartberg	Wolfsberger AC	0	1.083333333	0.130434783	0.416666667	-1.166666667	0.25	0	1.291666667	1.47826087	446
Bundesliga  Bundesliga	2019	03	So	0.708333333	10200	8	SV Mattersburg	SK Rapid Wien	1	0.409090909	0.257142857	-0.636363636	-0.090909091	0.764705882	-0.222222222	1.227272727	1.485714286	447
Europa League  Europa League	2019	03	Do	0.788194444	29520	4	Red Bull Salzburg	SSC Neapel	2	2.184210526	3	1.823529412	1.380952381	3	0	2.447368421	3	448
Bundesliga  Bundesliga	2019	03	So	0.708333333	14643	7	SK Sturm Graz	FK Austria Wien	1	0.407407407	0.36	-0.166666667	-0.466666667	0.846153846	-0.166666667	1.148148148	1.56	449
Bundesliga  Bundesliga	2019	03	So	0.708333333	6476	3	FC Wacker Innsbruck	Red Bull Salzburg	-2	0.625	1.58974359	-0.4	-0.642857143	1.833333333	1.380952381	0.958333333	2.461538462	450
Bundesliga  Bundesliga	2019	03	So	0.708333333	4072	7	SC Rheindorf Altach	LASK	-1	0.583333333	1.551724138	-0.363636364	0.307692308	1.642857143	1.466666667	1	2.206896552	451
Bundesliga  Bundesliga	2019	03	So	0.708333333	3041	7	SKN St. Pölten	SV Mattersburg	-1	1.08	-0.304347826	0.3	0.066666667	-0.5	-0.090909091	1.56	1.304347826	452
Bundesliga  Bundesliga	2019	03	So	0.708333333	4488	7	Wolfsberger AC	FC Admira Wacker Mödling	0	0.791666667	-0.916666667	0.25	0	-0.583333333	-1.25	1.458333333	0.833333333	453
Bundesliga  Bundesliga	2019	03	So	0.708333333	19200	7	SK Rapid Wien	TSV Hartberg	0	1.194444444	-0.36	0.764705882	-0.263157895	0.384615385	-1.166666667	1.444444444	1.28	454
Bundesliga  Bundesliga	2019	03	Sa	0.708333333	11600	13	SK Rapid Wien	FC Admira Wacker Mödling	3	1.162162162	-0.88	0.722222222	-0.263157895	-0.583333333	-1.153846154	1.432432432	0.84	455
Bundesliga  Bundesliga	2019	03	Sa	0.708333333	4048	13	SC Rheindorf Altach	SV Mattersburg	1	0.52	-0.25	-0.416666667	0.307692308	-0.5	0	0.96	1.375	456
Bundesliga  Bundesliga	2019	03	Sa	0.708333333	4635	13	TSV Hartberg	FC Wacker Innsbruck	-2	1.076923077	-0.6	0.384615385	-1.076923077	-0.545454545	-0.642857143	1.269230769	0.92	457
Bundesliga  Bundesliga	2019	03	So	0.708333333	10228	14	Red Bull Salzburg	FK Austria Wien	4	2.175	0.307692308	1.833333333	1.409090909	0.846153846	-0.230769231	2.475	1.5	458
Bundesliga  Bundesliga	2019	03	So	0.604166667	8567	14	SK Sturm Graz	SKN St. Pölten	-1	0.428571429	0.115384615	-0.076923077	-0.466666667	0.181818182	0.066666667	1.214285714	1.5	459
Bundesliga  Bundesliga	2019	03	So	0.604166667	3691	14	Wolfsberger AC	LASK	-3	0.76	1.533333333	0.230769231	0	1.642857143	1.4375	1.44	2.233333333	460
ÖFB-Cup  ÖFB-Cup	2019	04	Mi	0.75	13301	3	Grazer AK 1902	Red Bull Salzburg	-6	1	1.658536585	1	0	1.947368421	1.409090909	3	2.487804878	461
ÖFB-Cup  ÖFB-Cup	2019	04	Mi	0.854166667	6087	3	LASK	SK Rapid Wien	0	1.935483871	0.289473684	1.642857143	1.529411765	0.842105263	-0.263157895	2.258064516	1.473684211	462
Bundesliga  Bundesliga	2019	04	Sa	0.708333333	7413	3	FC Wacker Innsbruck	SK Rapid Wien	-2	0.576923077	0.282051282	-0.545454545	-0.466666667	0.842105263	-0.25	1	1.461538462	463
Bundesliga  Bundesliga	2019	04	Sa	0.708333333	1850	7	FC Admira Wacker Mödling	SC Rheindorf Altach	0	0.153846154	0	-0.583333333	-1.285714286	-0.307692308	0.307692308	0.807692308	1.038461538	464
Bundesliga  Bundesliga	2019	04	Sa	0.708333333	2000	7	SV Mattersburg	TSV Hartberg	3	0.48	-0.407407407	-0.5	-0.076923077	0.214285714	-1.076923077	1.32	1.222222222	465
Bundesliga  Bundesliga	2019	04	So	0.604166667	10150	7	FK Austria Wien	SK Sturm Graz	-1	0.814814815	-0.310344828	0.846153846	-0.5	-0.142857143	-0.466666667	1.444444444	1.172413793	466
Bundesliga  Bundesliga	2019	04	So	0.708333333	6087	4	LASK	Red Bull Salzburg	-2	1.875	1.761904762	1.533333333	1.529411765	1.947368421	1.608695652	2.21875	2.5	467
Bundesliga  Bundesliga	2019	04	So	0.604166667	2277	7	SKN St. Pölten	Wolfsberger AC	-2	1	0	0.181818182	0.125	0	0	1.555555556	1.384615385	468
Bundesliga  Bundesliga	2019	04	Sa	0.708333333	12300	7	SK Rapid Wien	SV Mattersburg	1	1.225	-0.153846154	0.842105263	-0.142857143	-0.230769231	-0.076923077	1.5	1.384615385	469
Bundesliga  Bundesliga	2019	04	Sa	0.708333333	2363	7	FC Wacker Innsbruck	FC Admira Wacker Mödling	-2	0.481481481	-0.925925926	-0.666666667	-0.466666667	-0.538461538	-1.285714286	0.962962963	0.814814815	470
Bundesliga  Bundesliga	2019	04	Sa	0.708333333	1832	7	TSV Hartberg	SC Rheindorf Altach	-1	0.928571429	0	0.214285714	-1.214285714	-0.307692308	0.285714286	1.178571429	1.037037037	471
Bundesliga  Bundesliga	2019	04	So	0.604166667	3357	7	Wolfsberger AC	FK Austria Wien	0	0.703703704	0.107142857	0	0.153846154	0.714285714	-0.5	1.444444444	1.392857143	472
Bundesliga  Bundesliga	2019	04	So	0.708333333	11133	7	Red Bull Salzburg	SK Sturm Graz	2	2.302325581	-0.266666667	1.947368421	1.625	-0.142857143	-0.375	2.511627907	1.233333333	473
Bundesliga  Bundesliga	2019	04	So	0.604166667	5187	7	LASK	SKN St. Pölten	0	1.757575758	0.071428571	1.3125	1.529411765	0	0.125	2.151515152	1.5	474
Bundesliga  Bundesliga	2019	04	Sa	0.708333333	5912	7	SC Rheindorf Altach	SK Rapid Wien	0	0.571428571	0.341463415	-0.307692308	0.333333333	0.85	-0.142857143	1.107142857	1.536585366	475
Bundesliga  Bundesliga	2019	04	Sa	0.708333333	1800	7	SV Mattersburg	FC Wacker Innsbruck	2	0.592592593	-0.607142857	-0.230769231	-0.142857143	-0.769230769	-0.466666667	1.333333333	0.928571429	476
Bundesliga  Bundesliga	2019	04	So	0.708333333	8050	7	FK Austria Wien	LASK	0	0.75862069	1.382352941	0.714285714	-0.466666667	1.235294118	1.529411765	1.379310345	2.117647059	477
Bundesliga  Bundesliga	2019	04	So	0.604166667	9376	7	SK Sturm Graz	Wolfsberger AC	-1	0.419354839	0.071428571	-0.142857143	-0.470588235	0	0.153846154	1.193548387	1.428571429	478
Bundesliga  Bundesliga	2019	04	So	0.604166667	3514	7	SKN St. Pölten	Red Bull Salzburg	0	0.862068966	1.772727273	0	0.117647059	1.95	1.625	1.482758621	2.522727273	479
Bundesliga  Bundesliga	2019	04	Di	0.791666667	4000	3	TSV Hartberg	SK Rapid Wien	-2	0.862068966	0.333333333	0.133333333	-1.214285714	0.85	-0.136363636	1.137931034	1.523809524	480
Bundesliga  Bundesliga	2019	04	Di	0.791666667	1600	3	FC Admira Wacker Mödling	SV Mattersburg	-2	0.25	-0.107142857	-0.538461538	-1.066666667	-0.071428571	-0.142857143	0.892857143	1.392857143	481
Bundesliga  Bundesliga	2019	04	Di	0.791666667	2782	3	FC Wacker Innsbruck	SC Rheindorf Altach	-4	0.413793103	0.034482759	-0.769230769	-0.5625	-0.285714286	0.333333333	0.896551724	1.103448276	482
Bundesliga  Bundesliga	2019	04	Mi	0.791666667	7850	3	FK Austria Wien	SKN St. Pölten	0	0.733333333	0.066666667	0.666666667	-0.466666667	0	0.117647059	1.366666667	1.466666667	483
Bundesliga  Bundesliga	2019	04	Mi	0.791666667	5652	3	LASK	SK Sturm Graz	-1	1.714285714	-0.34375	1.235294118	1.444444444	-0.2	-0.470588235	2.085714286	1.15625	484
Bundesliga  Bundesliga	2019	04	Mi	0.791666667	6181	3	Red Bull Salzburg	Wolfsberger AC	2	2.266666667	0.103448276	1.95	1.56	0	0.214285714	2.488888889	1.482758621	485
Bundesliga  Bundesliga	2019	04	Sa	0.708333333	13100	4	SK Rapid Wien	TSV Hartberg	-1	1.302325581	-0.566666667	0.85	-0.043478261	0	-1.214285714	1.558139535	1.1	486
Bundesliga  Bundesliga	2019	04	Sa	0.708333333	1800	4	SV Mattersburg	FC Admira Wacker Mödling	0	0.689655172	-0.862068966	-0.071428571	0	-0.642857143	-1.066666667	1.448275862	0.862068966	487
Bundesliga  Bundesliga	2019	04	Sa	0.708333333	4087	4	SC Rheindorf Altach	FC Wacker Innsbruck	-3	0.666666667	-0.766666667	-0.285714286	0.5625	-1	-0.5625	1.166666667	0.866666667	488
Bundesliga  Bundesliga	2019	04	So	0.604166667	4020	4	SKN St. Pölten	FK Austria Wien	-1	0.870967742	0.096774194	0	0.111111111	0.625	-0.466666667	1.451612903	1.35483871	489
Bundesliga  Bundesliga	2019	04	So	0.708333333	9267	4	SK Sturm Graz	LASK	-1	0.424242424	1.277777778	-0.2	-0.388888889	1.111111111	1.444444444	1.212121212	2.027777778	490
Bundesliga  Bundesliga	2019	04	So	0.604166667	3409	4	Wolfsberger AC	Red Bull Salzburg	1	0.733333333	1.739130435	0	0.066666667	1.952380952	1.56	1.433333333	2.5	491
ÖFB-Cup  ÖFB-Cup	2019	05	Mi	0.6875	24200	3	Red Bull Salzburg	SK Rapid Wien	2	2.234042553	0.340909091	1.952380952	1.461538462	0.761904762	-0.043478261	2.446808511	1.522727273	492
Bundesliga  Bundesliga	2019	05	Sa	0.708333333	3800	3	FC Admira Wacker Mödling	SK Rapid Wien	-1	0.2	0.288888889	-0.642857143	-1	0.761904762	-0.125	0.866666667	1.488888889	493
Bundesliga  Bundesliga	2019	05	Sa	0.708333333	4217	7	FC Wacker Innsbruck	TSV Hartberg	1	0.387096774	-0.516129032	-1	-0.352941176	0	-1.066666667	0.935483871	1.161290323	494
Bundesliga  Bundesliga	2019	05	So	0.708333333	9578	7	FK Austria Wien	Red Bull Salzburg	-1	0.75	1.6875	0.625	-0.375	1.954545455	1.461538462	1.40625	2.458333333	495
Bundesliga  Bundesliga	2019	05	So	0.604166667	3337	7	SKN St. Pölten	SK Sturm Graz	-1	0.8125	-0.323529412	-0.071428571	0.111111111	-0.25	-0.388888889	1.40625	1.176470588	496
Bundesliga  Bundesliga	2019	05	So	0.604166667	5342	7	LASK	Wolfsberger AC	3	1.675675676	0.064516129	1.111111111	1.421052632	0.0625	0.066666667	2.054054054	1.483870968	497
Bundesliga  Bundesliga	2019	05	Sa	0.708333333	13800	7	SK Rapid Wien	FC Wacker Innsbruck	1	1.282608696	-0.59375	0.761904762	-0.08	-0.866666667	-0.352941176	1.52173913	1	498
Bundesliga  Bundesliga	2019	05	Sa	0.708333333	3508	7	SC Rheindorf Altach	FC Admira Wacker Mödling	0	0.548387097	-0.838709677	-0.466666667	0.5625	-0.666666667	-1	1.129032258	0.838709677	499
Bundesliga  Bundesliga	2019	05	Sa	0.708333333	2312	7	TSV Hartberg	SV Mattersburg	1	0.84375	-0.033333333	0	-1.0625	-0.066666667	0	1.125	1.433333333	500
Bundesliga  Bundesliga	2019	05	So	0.604166667	8168	7	SK Sturm Graz	FK Austria Wien	-2	0.4	0.090909091	-0.25	-0.315789474	0.529411765	-0.375	1.228571429	1.363636364	501
Bundesliga  Bundesliga	2019	05	So	0.708333333	11457	7	Red Bull Salzburg	LASK	1	2.224489796	1.315789474	1.954545455	1.444444444	1.210526316	1.421052632	2.469387755	2.078947368	502
Bundesliga  Bundesliga	2019	05	So	0.604166667	2916	7	Wolfsberger AC	SKN St. Pölten	4	0.71875	0	0.0625	-0.125	-0.133333333	0.111111111	1.4375	1.363636364	503
Bundesliga  Bundesliga	2019	05	Sa	0.708333333	4200	7	SV Mattersburg	SK Rapid Wien	1	0.677419355	0.319148936	-0.066666667	-0.0625	0.772727273	-0.08	1.387096774	1.553191489	504
Bundesliga  Bundesliga	2019	05	Sa	0.708333333	3850	7	FC Admira Wacker Mödling	FC Wacker Innsbruck	1	0.21875	-0.606060606	-0.666666667	-0.941176471	-0.866666667	-0.388888889	0.84375	0.96969697	505
Bundesliga  Bundesliga	2019	05	Sa	0.708333333	4700	7	SC Rheindorf Altach	TSV Hartberg	2	0.53125	-0.484848485	-0.4375	0.5625	0.058823529	-1.0625	1.125	1.181818182	506
Bundesliga  Bundesliga	2019	05	So	0.708333333	3300	7	SKN St. Pölten	LASK	-1	0.735294118	1.256410256	-0.133333333	-0.105263158	1.210526316	1.3	1.323529412	2.025641026	507
Bundesliga  Bundesliga	2019	05	So	0.708333333	9000	7	FK Austria Wien	Wolfsberger AC	2	0.764705882	0.090909091	0.529411765	-0.235294118	0.294117647	-0.125	1.411764706	1.484848485	508
Bundesliga  Bundesliga	2019	05	So	0.708333333	8200	7	SK Sturm Graz	Red Bull Salzburg	-1	0.333333333	1.66	-0.352941176	-0.315789474	1.913043478	1.444444444	1.194444444	2.48	509
Bundesliga  Bundesliga	2019	05	Sa	0.708333333	0	7	FC Wacker Innsbruck	SV Mattersburg	4	0.441176471	-0.03125	-0.866666667	-0.421052632	0	-0.0625	0.941176471	1.4375	510
Bundesliga  Bundesliga	2019	05	Sa	0.708333333	0	7	TSV Hartberg	FC Admira Wacker Mödling	2	0.852941176	-0.757575758	0.058823529	-1.117647059	-0.5625	-0.941176471	1.147058824	0.909090909	511
Bundesliga  Bundesliga	2019	05	Sa	0.708333333	0	7	SK Rapid Wien	SC Rheindorf Altach	-1	1.25	0.121212121	0.772727273	-0.115384615	-0.294117647	0.5625	1.520833333	1.181818182	512
Bundesliga  Bundesliga	2019	05	So	0.708333333	0	7	Red Bull Salzburg	SKN St. Pölten	7	2.196078431	-0.142857143	1.913043478	1.428571429	-0.1875	-0.105263158	2.490196078	1.285714286	513
Bundesliga  Bundesliga	2019	05	So	0.708333333	0	7	LASK	FK Austria Wien	3	1.675	0.2	1.210526316	1.285714286	0.611111111	-0.235294118	2.05	1.457142857	514
Bundesliga  Bundesliga	2019	05	So	0.708333333	0	7	Wolfsberger AC	SK Sturm Graz	1	0.794117647	-0.351351351	0.294117647	-0.235294118	-0.388888889	-0.315789474	1.441176471	1.162162162	515
Bundesliga  Bundesliga	2019	7	Fr	0.864583333	0	60	SK Rapid Wien	Red Bull Salzburg	-2	1.204081633	1.75	0.695652174	-0.115384615	2.125	1.428571429	1.489795918	2.5	516
Bundesliga  Bundesliga	2019	7	Sa	0.708333333	0	60	FC Admira Wacker Mödling	Wolfsberger AC	-3	0.264705882	0.057142857	-0.5625	-1	0.333333333	-0.235294118	0.882352941	1.485714286	517
Bundesliga  Bundesliga	2019	7	Sa	0.708333333	0	60	WSG Tirol	FK Austria Wien	2	0	0.111111111	0	-3	0.611111111	-0.388888889	0	1.416666667	518
Bundesliga  Bundesliga	2020	7	So	0.708333333	0	60	SK Sturm Graz	SKN St. Pölten	3	0.315789474	-0.333333333	-0.388888889	-0.35	-0.1875	-0.45	1.131578947	1.25	519
Bundesliga  Bundesliga	2019	7	So	0.708333333	0	60	LASK	SC Rheindorf Altach	2	1.707317073	0.147058824	1.3	1.285714286	-0.294117647	0.588235294	2.073170732	1.235294118	520
Bundesliga  Bundesliga	2019	7	So	0.708333333	0	60	SV Mattersburg	TSV Hartberg	1	0.666666667	-0.457142857	0	-0.294117647	0.166666667	-1.117647059	1.393939394	1.2	521
Bundesliga  Bundesliga	2019	7	Sa	0.708333333	0	7	FK Austria Wien	LASK	-3	0.837837838	1.30952381	0.611111111	-0.473684211	1.333333333	1.285714286	1.378378378	2.095238095	522
Bundesliga  Bundesliga	2019	7	Sa	0.708333333	0	6	SC Rheindorf Altach	WSG Tirol	1	0.6	-0.5	-0.294117647	0.444444444	2	-3	1.2	1.5	523
Bundesliga  Bundesliga	2019	7	Sa	0.708333333	0	6	TSV Hartberg	FC Admira Wacker Mödling	3	0.888888889	-0.857142857	0.166666667	-1.111111111	-0.705882353	-1	1.166666667	0.857142857	524
Bundesliga  Bundesliga	2020	7	So	0.708333333	0	9	Red Bull Salzburg	SV Mattersburg	3	2.283018868	-0.117647059	2.125	1.448275862	0.058823529	-0.294117647	2.509433962	1.441176471	525
Bundesliga  Bundesliga	2019	7	So	0.708333333	0	8	Wolfsberger AC	SK Sturm Graz	-1	0.861111111	-0.282051282	0.333333333	-0.055555556	-0.210526316	-0.35	1.527777778	1.179487179	526
Bundesliga  Bundesliga	2019	7	So	0.708333333	0	7	SKN St. Pölten	SK Rapid Wien	0	0.648648649	0.22	-0.1875	-0.571428571	0.583333333	-0.115384615	1.216216216	1.46	527